Store,Dept,Date,Weekly_Sales,IsHoliday
1,1,2010-05-02,24924.5,0
1,1,2010-12-02,46039.49,1
1,1,2010-02-19,41595.55,0
1,1,2010-02-26,19403.54,0
1,1,2010-05-03,21827.9,0
1,1,2010-12-03,21043.39,0
1,1,2010-03-19,22136.64,0
1,1,2010-03-26,26229.21,0
1,1,2010-02-04,57258.43,0
1,1,2010-09-04,42960.91,0
1,1,2010-04-16,17596.96,0
1,1,2010-04-23,16145.35,0
1,1,2010-04-30,16555.11,0
1,1,2010-07-05,17413.94,0
1,1,2010-05-14,18926.74,0
1,1,2010-05-21,14773.04,0
1,1,2010-05-28,15580.43,0
1,1,2010-04-06,17558.09,0
1,1,2010-11-06,16637.62,0
1,1,2010-06-18,16216.27,0
1,1,2010-06-25,16328.72,0
1,1,2010-02-07,16333.14,0
1,1,2010-09-07,17688.76,0
1,1,2010-07-16,17150.84,0
1,1,2010-07-23,15360.45,0
1,1,2010-07-30,15381.82,0
1,1,2010-06-08,17508.41,0
1,1,2010-08-13,15536.4,0
1,1,2010-08-20,15740.13,0
1,1,2010-08-27,15793.87,0
1,1,2010-03-09,16241.78,0
1,1,2010-10-09,18194.74,1
1,1,2010-09-17,19354.23,0
1,1,2010-09-24,18122.52,0
1,1,2010-01-10,20094.19,0
1,1,2010-08-10,23388.03,0
1,1,2010-10-15,26978.34,0
1,1,2010-10-22,25543.04,0
1,1,2010-10-29,38640.93,0
1,1,2010-05-11,34238.88,0
1,1,2010-12-11,19549.39,0
1,1,2010-11-19,19552.84,0
1,1,2010-11-26,18820.29,1
1,1,2010-03-12,22517.56,0
1,1,2010-10-12,31497.65,0
1,1,2010-12-17,44912.86,0
1,1,2010-12-24,55931.23,0
1,1,2010-12-31,19124.58,1
1,1,2011-07-01,15984.24,0
1,1,2011-01-14,17359.7,0
1,1,2011-01-21,17341.47,0
1,1,2011-01-28,18461.18,0
1,1,2011-04-02,21665.76,0
1,1,2011-11-02,37887.17,1
1,1,2011-02-18,46845.87,0
1,1,2011-02-25,19363.83,0
1,1,2011-04-03,20327.61,0
1,1,2011-11-03,21280.4,0
1,1,2011-03-18,20334.23,0
1,1,2011-03-25,20881.1,0
1,1,2011-01-04,20398.09,0
1,1,2011-08-04,23873.79,0
1,1,2011-04-15,28762.37,0
1,1,2011-04-22,50510.31,0
1,1,2011-04-29,41512.39,0
1,1,2011-06-05,20138.19,0
1,1,2011-05-13,17235.15,0
1,1,2011-05-20,15136.78,0
1,1,2011-05-27,15741.6,0
1,1,2011-03-06,16434.15,0
1,1,2011-10-06,15883.52,0
1,1,2011-06-17,14978.09,0
1,1,2011-06-24,15682.81,0
1,1,2011-01-07,15363.5,0
1,1,2011-08-07,16148.87,0
1,1,2011-07-15,15654.85,0
1,1,2011-07-22,15766.6,0
1,1,2011-07-29,15922.41,0
1,1,2011-05-08,15295.55,0
1,1,2011-12-08,14539.79,0
1,1,2011-08-19,14689.24,0
1,1,2011-08-26,14537.37,0
1,1,2011-02-09,15277.27,0
1,1,2011-09-09,17746.68,1
1,1,2011-09-16,18535.48,0
1,1,2011-09-23,17859.3,0
1,1,2011-09-30,18337.68,0
1,1,2011-07-10,20797.58,0
1,1,2011-10-14,23077.55,0
1,1,2011-10-21,23351.8,0
1,1,2011-10-28,31579.9,0
1,1,2011-04-11,39886.06,0
1,1,2011-11-11,18689.54,0
1,1,2011-11-18,19050.66,0
1,1,2011-11-25,20911.25,1
1,1,2011-02-12,25293.49,0
1,1,2011-09-12,33305.92,0
1,1,2011-12-16,45773.03,0
1,1,2011-12-23,46788.75,0
1,1,2011-12-30,23350.88,1
1,1,2012-06-01,16567.69,0
1,1,2012-01-13,16894.4,0
1,1,2012-01-20,18365.1,0
1,1,2012-01-27,18378.16,0
1,1,2012-03-02,23510.49,0
1,1,2012-10-02,36988.49,1
1,1,2012-02-17,54060.1,0
1,1,2012-02-24,20124.22,0
1,1,2012-02-03,20113.03,0
1,1,2012-09-03,21140.07,0
1,1,2012-03-16,22366.88,0
1,1,2012-03-23,22107.7,0
1,1,2012-03-30,28952.86,0
1,1,2012-06-04,57592.12,0
1,1,2012-04-13,34684.21,0
1,1,2012-04-20,16976.19,0
1,1,2012-04-27,16347.6,0
1,1,2012-04-05,17147.44,0
1,1,2012-11-05,18164.2,0
1,1,2012-05-18,18517.79,0
1,1,2012-05-25,16963.55,0
1,1,2012-01-06,16065.49,0
1,1,2012-08-06,17666.0,0
1,1,2012-06-15,17558.82,0
1,1,2012-06-22,16633.41,0
1,1,2012-06-29,15722.82,0
1,1,2012-06-07,17823.37,0
1,1,2012-07-13,16566.18,0
1,1,2012-07-20,16348.06,0
1,1,2012-07-27,15731.18,0
1,1,2012-03-08,16628.31,0
1,1,2012-10-08,16119.92,0
1,1,2012-08-17,17330.7,0
1,1,2012-08-24,16286.4,0
1,1,2012-08-31,16680.24,0
1,1,2012-07-09,18322.37,1
1,1,2012-09-14,19616.22,0
1,1,2012-09-21,19251.5,0
1,1,2012-09-28,18947.81,0
1,1,2012-05-10,21904.47,0
1,1,2012-12-10,22764.01,0
1,1,2012-10-19,24185.27,0
1,1,2012-10-26,27390.81,0
1,2,2010-05-02,50605.27,0
1,2,2010-12-02,44682.74,1
1,2,2010-02-19,47928.89,0
1,2,2010-02-26,44292.87,0
1,2,2010-05-03,48397.98,0
1,2,2010-12-03,43751.94,0
1,2,2010-03-19,43615.49,0
1,2,2010-03-26,41892.55,0
1,2,2010-02-04,47450.5,0
1,2,2010-09-04,46549.73,0
1,2,2010-04-16,45025.02,0
1,2,2010-04-23,44418.11,0
1,2,2010-04-30,45971.3,0
1,2,2010-07-05,47903.01,0
1,2,2010-05-14,43675.61,0
1,2,2010-05-21,44319.15,0
1,2,2010-05-28,44619.52,0
1,2,2010-04-06,48754.47,0
1,2,2010-11-06,47089.54,0
1,2,2010-06-18,44428.71,0
1,2,2010-06-25,45299.92,0
1,2,2010-02-07,47077.72,0
1,2,2010-09-07,46752.12,0
1,2,2010-07-16,44339.2,0
1,2,2010-07-23,44763.33,0
1,2,2010-07-30,45833.77,0
1,2,2010-06-08,50031.73,0
1,2,2010-08-13,45475.69,0
1,2,2010-08-20,49754.17,0
1,2,2010-08-27,49623.53,0
1,2,2010-03-09,49015.05,0
1,2,2010-10-09,45182.5,1
1,2,2010-09-17,44681.64,0
1,2,2010-09-24,42477.49,0
1,2,2010-01-10,45829.02,0
1,2,2010-08-10,46387.54,0
1,2,2010-10-15,43110.79,0
1,2,2010-10-22,42371.48,0
1,2,2010-10-29,44081.33,0
1,2,2010-05-11,46381.43,0
1,2,2010-12-11,43194.49,0
1,2,2010-11-19,41443.25,0
1,2,2010-11-26,45681.98,1
1,2,2010-03-12,44405.02,0
1,2,2010-10-12,46955.82,0
1,2,2010-12-17,49303.28,0
1,2,2010-12-24,59889.32,0
1,2,2010-12-31,35819.83,1
1,2,2011-07-01,43202.29,0
1,2,2011-01-14,39857.4,0
1,2,2011-01-21,41596.99,0
1,2,2011-01-28,41651.01,0
1,2,2011-04-02,46829.12,0
1,2,2011-11-02,47595.35,1
1,2,2011-02-18,49202.06,0
1,2,2011-02-25,46165.25,0
1,2,2011-04-03,53035.54,0
1,2,2011-11-03,48465.72,0
1,2,2011-03-18,45222.3,0
1,2,2011-03-25,44293.54,0
1,2,2011-01-04,46991.58,0
1,2,2011-08-04,48501.79,0
1,2,2011-04-15,44464.74,0
1,2,2011-04-22,46544.56,0
1,2,2011-04-29,43682.41,0
1,2,2011-06-05,50139.92,0
1,2,2011-05-13,44274.15,0
1,2,2011-05-20,44302.11,0
1,2,2011-05-27,45072.11,0
1,2,2011-03-06,47844.27,0
1,2,2011-10-06,46363.93,0
1,2,2011-06-17,42939.63,0
1,2,2011-06-24,42415.81,0
1,2,2011-01-07,45247.74,0
1,2,2011-08-07,44623.23,0
1,2,2011-07-15,43260.96,0
1,2,2011-07-22,45113.56,0
1,2,2011-07-29,43191.02,0
1,2,2011-05-08,49359.75,0
1,2,2011-12-08,45341.92,0
1,2,2011-08-19,46391.12,0
1,2,2011-08-26,47659.93,0
1,2,2011-02-09,49419.75,0
1,2,2011-09-09,43315.85,1
1,2,2011-09-16,42963.96,0
1,2,2011-09-23,43390.94,0
1,2,2011-09-30,46045.09,0
1,2,2011-07-10,49880.69,0
1,2,2011-10-14,43306.38,0
1,2,2011-10-21,42487.67,0
1,2,2011-10-28,41682.4,0
1,2,2011-04-11,47313.62,0
1,2,2011-11-11,44936.47,0
1,2,2011-11-18,43997.78,0
1,2,2011-11-25,44259.59,1
1,2,2011-02-12,45928.14,0
1,2,2011-09-12,49357.43,0
1,2,2011-12-16,51137.42,0
1,2,2011-12-23,65615.36,0
1,2,2011-12-30,43539.94,1
1,2,2012-06-01,44481.38,0
1,2,2012-01-13,43353.09,0
1,2,2012-01-20,43753.43,0
1,2,2012-01-27,41556.23,0
1,2,2012-03-02,54322.24,0
1,2,2012-10-02,50581.06,1
1,2,2012-02-17,46085.47,0
1,2,2012-02-24,47080.12,0
1,2,2012-02-03,52608.51,0
1,2,2012-09-03,48563.69,0
1,2,2012-03-16,47346.32,0
1,2,2012-03-23,44796.03,0
1,2,2012-03-30,46529.68,0
1,2,2012-06-04,51805.88,0
1,2,2012-04-13,43991.18,0
1,2,2012-04-20,45561.85,0
1,2,2012-04-27,45456.23,0
1,2,2012-04-05,50501.3,0
1,2,2012-11-05,46717.76,0
1,2,2012-05-18,44411.23,0
1,2,2012-05-25,45817.07,0
1,2,2012-01-06,47425.29,0
1,2,2012-08-06,49439.58,0
1,2,2012-06-15,46637.48,0
1,2,2012-06-22,46075.0,0
1,2,2012-06-29,47629.14,0
1,2,2012-06-07,49771.92,0
1,2,2012-07-13,44411.95,0
1,2,2012-07-20,45108.22,0
1,2,2012-07-27,45008.22,0
1,2,2012-03-08,49424.06,0
1,2,2012-10-08,46729.91,0
1,2,2012-08-17,46350.97,0
1,2,2012-08-24,44972.52,0
1,2,2012-08-31,50995.5,0
1,2,2012-07-09,47344.5,1
1,2,2012-09-14,44493.61,0
1,2,2012-09-21,43541.07,0
1,2,2012-09-28,45784.76,0
1,2,2012-05-10,48577.08,0
1,2,2012-12-10,42112.67,0
1,2,2012-10-19,42354.72,0
1,2,2012-10-26,43134.88,0
2,1,2010-05-02,35034.06,0
2,1,2010-12-02,60483.7,1
2,1,2010-02-19,58221.52,0
2,1,2010-02-26,25962.32,0
2,1,2010-05-03,27372.05,0
2,1,2010-12-03,28660.87,0
2,1,2010-03-19,28446.92,0
2,1,2010-03-26,32213.99,0
2,1,2010-02-04,82766.07,0
2,1,2010-09-04,66560.0,0
2,1,2010-04-16,21308.59,0
2,1,2010-04-23,22163.12,0
2,1,2010-04-30,24066.2,0
2,1,2010-07-05,26191.58,0
2,1,2010-05-14,25876.55,0
2,1,2010-05-21,22689.01,0
2,1,2010-05-28,22899.73,0
2,1,2010-04-06,23869.17,0
2,1,2010-11-06,24549.01,0
2,1,2010-06-18,23918.56,0
2,1,2010-06-25,23757.36,0
2,1,2010-02-07,23803.34,0
2,1,2010-09-07,23707.54,0
2,1,2010-07-16,23727.77,0
2,1,2010-07-23,21139.52,0
2,1,2010-07-30,22749.21,0
2,1,2010-06-08,22795.72,0
2,1,2010-08-13,21933.3,0
2,1,2010-08-20,22126.52,0
2,1,2010-08-27,21264.66,0
2,1,2010-03-09,23901.32,0
2,1,2010-10-09,25710.17,1
2,1,2010-09-17,26266.39,0
2,1,2010-09-24,26127.76,0
2,1,2010-01-10,27023.35,0
2,1,2010-08-10,31524.86,0
2,1,2010-10-15,34924.59,0
2,1,2010-10-22,40755.17,0
2,1,2010-10-29,56903.47,0
2,1,2010-05-11,46198.84,0
2,1,2010-12-11,22794.09,0
2,1,2010-11-19,24363.72,0
2,1,2010-11-26,24513.63,1
2,1,2010-03-12,30662.62,0
2,1,2010-10-12,44451.34,0
2,1,2010-12-17,64512.46,0
2,1,2010-12-24,82523.73,0
2,1,2010-12-31,28482.71,1
2,1,2011-07-01,19092.94,0
2,1,2011-01-14,22159.74,0
2,1,2011-01-21,23088.16,0
2,1,2011-01-28,25461.57,0
2,1,2011-04-02,29606.98,0
2,1,2011-11-02,51382.63,1
2,1,2011-02-18,62706.27,0
2,1,2011-02-25,22631.87,0
2,1,2011-04-03,25562.33,0
2,1,2011-11-03,26025.39,0
2,1,2011-03-18,25405.55,0
2,1,2011-03-25,23880.58,0
2,1,2011-01-04,24591.68,0
2,1,2011-08-04,28223.45,0
2,1,2011-04-15,34644.85,0
2,1,2011-04-22,72065.08,0
2,1,2011-04-29,57905.55,0
2,1,2011-06-05,24658.53,0
2,1,2011-05-13,22484.33,0
2,1,2011-05-20,21590.53,0
2,1,2011-05-27,21334.34,0
2,1,2011-03-06,22174.12,0
2,1,2011-10-06,21554.22,0
2,1,2011-06-17,22431.56,0
2,1,2011-06-24,21426.72,0
2,1,2011-01-07,21706.59,0
2,1,2011-08-07,21037.47,0
2,1,2011-07-15,20810.61,0
2,1,2011-07-22,20456.83,0
2,1,2011-07-29,20783.05,0
2,1,2011-05-08,20875.73,0
2,1,2011-12-08,20580.3,0
2,1,2011-08-19,21324.65,0
2,1,2011-08-26,21642.33,0
2,1,2011-02-09,23645.73,0
2,1,2011-09-09,22549.64,1
2,1,2011-09-16,23973.86,0
2,1,2011-09-23,24204.22,0
2,1,2011-09-30,24949.42,0
2,1,2011-07-10,28071.56,0
2,1,2011-10-14,29264.62,0
2,1,2011-10-21,33205.32,0
2,1,2011-10-28,43490.95,0
2,1,2011-04-11,55729.13,0
2,1,2011-11-11,23151.55,0
2,1,2011-11-18,23923.11,0
2,1,2011-11-25,25542.74,1
2,1,2011-02-12,29959.08,0
2,1,2011-09-12,43639.97,0
2,1,2011-12-16,63109.72,0
2,1,2011-12-23,75779.45,0
2,1,2011-12-30,31246.27,1
2,1,2012-06-01,20481.45,0
2,1,2012-01-13,21569.9,0
2,1,2012-01-20,23397.02,0
2,1,2012-01-27,22833.08,0
2,1,2012-03-02,28813.06,0
2,1,2012-10-02,41247.02,1
2,1,2012-02-17,77394.09,0
2,1,2012-02-24,25613.67,0
2,1,2012-02-03,25556.15,0
2,1,2012-09-03,26173.93,0
2,1,2012-03-16,27320.08,0
2,1,2012-03-23,29868.82,0
2,1,2012-03-30,37052.68,0
2,1,2012-06-04,75970.97,0
2,1,2012-04-13,56093.13,0
2,1,2012-04-20,22568.57,0
2,1,2012-04-27,22414.38,0
2,1,2012-04-05,22711.04,0
2,1,2012-11-05,25661.21,0
2,1,2012-05-18,25982.7,0
2,1,2012-05-25,23561.25,0
2,1,2012-01-06,23076.47,0
2,1,2012-08-06,24826.25,0
2,1,2012-06-15,24016.43,0
2,1,2012-06-22,24155.67,0
2,1,2012-06-29,23580.74,0
2,1,2012-06-07,24052.7,0
2,1,2012-07-13,23148.57,0
2,1,2012-07-20,23813.13,0
2,1,2012-07-27,23025.51,0
2,1,2012-03-08,22851.99,0
2,1,2012-10-08,23261.95,0
2,1,2012-08-17,24793.54,0
2,1,2012-08-24,22839.77,0
2,1,2012-08-31,25343.45,0
2,1,2012-07-09,25270.06,1
2,1,2012-09-14,26435.2,0
2,1,2012-09-21,26303.04,0
2,1,2012-09-28,27159.07,0
2,1,2012-05-10,30789.27,0
2,1,2012-12-10,34070.0,0
2,1,2012-10-19,35897.95,0
2,1,2012-10-26,41615.24,0
2,2,2010-05-02,74661.16,0
2,2,2010-12-02,65487.46,1
2,2,2010-02-19,70853.58,0
2,2,2010-02-26,64963.9,0
2,2,2010-05-03,68428.64,0
2,2,2010-12-03,66622.03,0
2,2,2010-03-19,64307.01,0
2,2,2010-03-26,59770.18,0
2,2,2010-02-04,68286.2,0
2,2,2010-09-04,64295.22,0
2,2,2010-04-16,65172.2,0
2,2,2010-04-23,66471.86,0
2,2,2010-04-30,65054.02,0
2,2,2010-07-05,68976.37,0
2,2,2010-05-14,62666.91,0
2,2,2010-05-21,69699.5,0
2,2,2010-05-28,68750.86,0
2,2,2010-04-06,68994.35,0
2,2,2010-11-06,72603.29,0
2,2,2010-06-18,69633.65,0
2,2,2010-06-25,68587.69,0
2,2,2010-02-07,72107.47,0
2,2,2010-09-07,66045.13,0
2,2,2010-07-16,69430.49,0
2,2,2010-07-23,66465.49,0
2,2,2010-07-30,67829.52,0
2,2,2010-06-08,69920.91,0
2,2,2010-08-13,69947.0,0
2,2,2010-08-20,69472.79,0
2,2,2010-08-27,69300.7,0
2,2,2010-03-09,70081.13,0
2,2,2010-10-09,65663.65,1
2,2,2010-09-17,64649.52,0
2,2,2010-09-24,65789.27,0
2,2,2010-01-10,66423.44,0
2,2,2010-08-10,64252.04,0
2,2,2010-10-15,63597.23,0
2,2,2010-10-22,62810.47,0
2,2,2010-10-29,63125.76,0
2,2,2010-05-11,64267.74,0
2,2,2010-12-11,62367.28,0
2,2,2010-11-19,65120.69,0
2,2,2010-11-26,66864.2,1
2,2,2010-03-12,62758.12,0
2,2,2010-10-12,66513.13,0
2,2,2010-12-17,74559.82,0
2,2,2010-12-24,91738.44,0
2,2,2010-12-31,55375.52,1
2,2,2011-07-01,62974.44,0
2,2,2011-01-14,56606.3,0
2,2,2011-01-21,62126.32,0
2,2,2011-01-28,59940.76,0
2,2,2011-04-02,60069.23,0
2,2,2011-11-02,70619.64,1
2,2,2011-02-18,69487.17,0
2,2,2011-02-25,65829.84,0
2,2,2011-04-03,70042.14,0
2,2,2011-11-03,67898.82,0
2,2,2011-03-18,64567.4,0
2,2,2011-03-25,60715.5,0
2,2,2011-01-04,65018.79,0
2,2,2011-08-04,61878.07,0
2,2,2011-04-15,62959.75,0
2,2,2011-04-22,64738.13,0
2,2,2011-04-29,62751.61,0
2,2,2011-06-05,63235.76,0
2,2,2011-05-13,62941.61,0
2,2,2011-05-20,61960.83,0
2,2,2011-05-27,64755.07,0
2,2,2011-03-06,65848.98,0
2,2,2011-10-06,66831.49,0
2,2,2011-06-17,66648.26,0
2,2,2011-06-24,61507.28,0
2,2,2011-01-07,64838.42,0
2,2,2011-08-07,64206.49,0
2,2,2011-07-15,63850.33,0
2,2,2011-07-22,64188.7,0
2,2,2011-07-29,62022.55,0
2,2,2011-05-08,67755.05,0
2,2,2011-12-08,66849.04,0
2,2,2011-08-19,67360.35,0
2,2,2011-08-26,69418.62,0
2,2,2011-02-09,66006.89,0
2,2,2011-09-09,60703.72,1
2,2,2011-09-16,59135.08,0
2,2,2011-09-23,61107.02,0
2,2,2011-09-30,61698.6,0
2,2,2011-07-10,64978.04,0
2,2,2011-10-14,62476.91,0
2,2,2011-10-21,60669.07,0
2,2,2011-10-28,59276.11,0
2,2,2011-04-11,65483.49,0
2,2,2011-11-11,61463.38,0
2,2,2011-11-18,61442.83,0
2,2,2011-11-25,64808.41,1
2,2,2011-02-12,60333.21,0
2,2,2011-09-12,66160.47,0
2,2,2011-12-16,73364.19,0
2,2,2011-12-23,93511.03,0
2,2,2011-12-30,57846.27,1
2,2,2012-06-01,64877.05,0
2,2,2012-01-13,62505.79,0
2,2,2012-01-20,61438.15,0
2,2,2012-01-27,58151.34,0
2,2,2012-03-02,71322.01,0
2,2,2012-10-02,69165.6,1
2,2,2012-02-17,70027.01,0
2,2,2012-02-24,66451.66,0
2,2,2012-02-03,70768.55,0
2,2,2012-09-03,66870.9,0
2,2,2012-03-16,68851.41,0
2,2,2012-03-23,63447.81,0
2,2,2012-03-30,63778.8,0
2,2,2012-06-04,70382.23,0
2,2,2012-04-13,61390.48,0
2,2,2012-04-20,67363.12,0
2,2,2012-04-27,61562.95,0
2,2,2012-04-05,67046.93,0
2,2,2012-11-05,61750.11,0
2,2,2012-05-18,63948.19,0
2,2,2012-05-25,66419.23,0
2,2,2012-01-06,64912.65,0
2,2,2012-08-06,70841.55,0
2,2,2012-06-15,66904.1,0
2,2,2012-06-22,68915.17,0
2,2,2012-06-29,66611.66,0
2,2,2012-06-07,70409.25,0
2,2,2012-07-13,65225.27,0
2,2,2012-07-20,65537.3,0
2,2,2012-07-27,66605.41,0
2,2,2012-03-08,69431.69,0
2,2,2012-10-08,67146.39,0
2,2,2012-08-17,68857.79,0
2,2,2012-08-24,68175.69,0
2,2,2012-08-31,72899.98,0
2,2,2012-07-09,66273.96,1
2,2,2012-09-14,63984.36,0
2,2,2012-09-21,66350.75,0
2,2,2012-09-28,61500.04,0
2,2,2012-05-10,67497.08,0
2,2,2012-12-10,59664.89,0
2,2,2012-10-19,64137.69,0
2,2,2012-10-26,62475.44,0
3,1,2010-05-02,6453.58,0
3,1,2010-12-02,12748.72,1
3,1,2010-02-19,8918.31,0
3,1,2010-02-26,4992.0,0
3,1,2010-05-03,5172.73,0
3,1,2010-12-03,5540.28,0
3,1,2010-03-19,5118.12,0
3,1,2010-03-26,6620.12,0
3,1,2010-02-04,16399.01,0
3,1,2010-09-04,8316.05,0
3,1,2010-04-16,4061.89,0
3,1,2010-04-23,4417.17,0
3,1,2010-04-30,4159.25,0
3,1,2010-07-05,4756.69,0
3,1,2010-05-14,4771.24,0
3,1,2010-05-21,4444.92,0
3,1,2010-05-28,4204.65,0
3,1,2010-04-06,5020.1,0
3,1,2010-11-06,4726.45,0
3,1,2010-06-18,4444.66,0
3,1,2010-06-25,4377.74,0
3,1,2010-02-07,4238.56,0
3,1,2010-09-07,4544.62,0
3,1,2010-07-16,3440.69,0
3,1,2010-07-23,3874.45,0
3,1,2010-07-30,4205.62,0
3,1,2010-06-08,3552.7,0
3,1,2010-08-13,3930.41,0
3,1,2010-08-20,4136.05,0
3,1,2010-08-27,3917.19,0
3,1,2010-03-09,4923.61,0
3,1,2010-10-09,5184.6,1
3,1,2010-09-17,5833.23,0
3,1,2010-09-24,5855.34,0
3,1,2010-01-10,5617.26,0
3,1,2010-08-10,6848.21,0
3,1,2010-10-15,7157.09,0
3,1,2010-10-22,7665.09,0
3,1,2010-10-29,11645.78,0
3,1,2010-05-11,14326.87,0
3,1,2010-12-11,5003.46,0
3,1,2010-11-19,5848.35,0
3,1,2010-11-26,5111.38,1
3,1,2010-03-12,7442.48,0
3,1,2010-10-12,9361.27,0
3,1,2010-12-17,14138.92,0
3,1,2010-12-24,12351.12,0
3,1,2010-12-31,5375.83,1
3,1,2011-07-01,4150.96,0
3,1,2011-01-14,5938.37,0
3,1,2011-01-21,5514.44,0
3,1,2011-01-28,5934.7,0
3,1,2011-04-02,7522.25,0
3,1,2011-11-02,11283.98,1
3,1,2011-02-18,15348.06,0
3,1,2011-02-25,4896.15,0
3,1,2011-04-03,6673.83,0
3,1,2011-11-03,6440.67,0
3,1,2011-03-18,5850.92,0
3,1,2011-03-25,6692.63,0
3,1,2011-01-04,6389.96,0
3,1,2011-08-04,6885.58,0
3,1,2011-04-15,9203.25,0
3,1,2011-04-22,15862.38,0
3,1,2011-04-29,9410.55,0
3,1,2011-06-05,5941.28,0
3,1,2011-05-13,4660.39,0
3,1,2011-05-20,5142.22,0
3,1,2011-05-27,5194.21,0
3,1,2011-03-06,4906.27,0
3,1,2011-10-06,4790.03,0
3,1,2011-06-17,5738.3,0
3,1,2011-06-24,4484.47,0
3,1,2011-01-07,5273.09,0
3,1,2011-08-07,4324.95,0
3,1,2011-07-15,4985.82,0
3,1,2011-07-22,5176.73,0
3,1,2011-07-29,4645.99,0
3,1,2011-05-08,5285.83,0
3,1,2011-12-08,4799.63,0
3,1,2011-08-19,4808.68,0
3,1,2011-08-26,5625.99,0
3,1,2011-02-09,5210.03,0
3,1,2011-09-09,5210.02,1
3,1,2011-09-16,6041.07,0
3,1,2011-09-23,7151.93,0
3,1,2011-09-30,6251.24,0
3,1,2011-07-10,7897.72,0
3,1,2011-10-14,7205.82,0
3,1,2011-10-21,9257.97,0
3,1,2011-10-28,11932.26,0
3,1,2011-04-11,15836.73,0
3,1,2011-11-11,6525.18,0
3,1,2011-11-18,7350.22,0
3,1,2011-11-25,6912.38,1
3,1,2011-02-12,9251.4,0
3,1,2011-09-12,10485.08,0
3,1,2011-12-16,15210.07,0
3,1,2011-12-23,12332.52,0
3,1,2011-12-30,7793.74,1
3,1,2012-06-01,6361.95,0
3,1,2012-01-13,7544.97,0
3,1,2012-01-20,7461.43,0
3,1,2012-01-27,8381.18,0
3,1,2012-03-02,8925.18,0
3,1,2012-10-02,11343.41,1
3,1,2012-02-17,18407.08,0
3,1,2012-02-24,7714.8,0
3,1,2012-02-03,8067.85,0
3,1,2012-09-03,8192.77,0
3,1,2012-03-16,7613.23,0
3,1,2012-03-23,9390.09,0
3,1,2012-03-30,12259.62,0
3,1,2012-06-04,18969.05,0
3,1,2012-04-13,9961.51,0
3,1,2012-04-20,8131.34,0
3,1,2012-04-27,7145.2,0
3,1,2012-04-05,6635.58,0
3,1,2012-11-05,5794.35,0
3,1,2012-05-18,6121.23,0
3,1,2012-05-25,6715.54,0
3,1,2012-01-06,6755.83,0
3,1,2012-08-06,7390.4,0
3,1,2012-06-15,6966.06,0
3,1,2012-06-22,6926.88,0
3,1,2012-06-29,6932.65,0
3,1,2012-06-07,6711.19,0
3,1,2012-07-13,5991.01,0
3,1,2012-07-20,6856.63,0
3,1,2012-07-27,7834.4,0
3,1,2012-03-08,7268.86,0
3,1,2012-10-08,5853.88,0
3,1,2012-08-17,6762.8,0
3,1,2012-08-24,6991.31,0
3,1,2012-08-31,6943.91,0
3,1,2012-07-09,8118.58,1
3,1,2012-09-14,8712.1,0
3,1,2012-09-21,9218.35,0
3,1,2012-09-28,8762.39,0
3,1,2012-05-10,9750.12,0
3,1,2012-12-10,11038.58,0
3,1,2012-10-19,10886.48,0
3,1,2012-10-26,11351.24,0
3,2,2010-05-02,17566.72,0
3,2,2010-12-02,15177.3,1
3,2,2010-02-19,15676.11,0
3,2,2010-02-26,15112.23,0
3,2,2010-05-03,16477.28,0
3,2,2010-12-03,15022.47,0
3,2,2010-03-19,14631.7,0
3,2,2010-03-26,14044.59,0
3,2,2010-02-04,15830.95,0
3,2,2010-09-04,14848.71,0
3,2,2010-04-16,14846.32,0
3,2,2010-04-23,14182.84,0
3,2,2010-04-30,14019.26,0
3,2,2010-07-05,16416.91,0
3,2,2010-05-14,15597.26,0
3,2,2010-05-21,15098.12,0
3,2,2010-05-28,14749.03,0
3,2,2010-04-06,17083.4,0
3,2,2010-11-06,15351.27,0
3,2,2010-06-18,14982.99,0
3,2,2010-06-25,13851.83,0
3,2,2010-02-07,16314.65,0
3,2,2010-09-07,15093.18,0
3,2,2010-07-16,14659.55,0
3,2,2010-07-23,14224.53,0
3,2,2010-07-30,14191.77,0
3,2,2010-06-08,16183.81,0
3,2,2010-08-13,13947.93,0
3,2,2010-08-20,14316.56,0
3,2,2010-08-27,15567.78,0
3,2,2010-03-09,15961.1,0
3,2,2010-10-09,14946.42,1
3,2,2010-09-17,14294.92,0
3,2,2010-09-24,14200.47,0
3,2,2010-01-10,14214.86,0
3,2,2010-08-10,15962.43,0
3,2,2010-10-15,13618.05,0
3,2,2010-10-22,14729.64,0
3,2,2010-10-29,13421.58,0
3,2,2010-05-11,18340.04,0
3,2,2010-12-11,13929.33,0
3,2,2010-11-19,15414.89,0
3,2,2010-11-26,14051.23,1
3,2,2010-03-12,16093.58,0
3,2,2010-10-12,14645.35,0
3,2,2010-12-17,15027.83,0
3,2,2010-12-24,16877.14,0
3,2,2010-12-31,13584.29,1
3,2,2011-07-01,15543.04,0
3,2,2011-01-14,13797.81,0
3,2,2011-01-21,15655.73,0
3,2,2011-01-28,13876.17,0
3,2,2011-04-02,17746.76,0
3,2,2011-11-02,16535.49,1
3,2,2011-02-18,16948.62,0
3,2,2011-02-25,16219.96,0
3,2,2011-04-03,18932.19,0
3,2,2011-11-03,16948.55,0
3,2,2011-03-18,16740.65,0
3,2,2011-03-25,15263.73,0
3,2,2011-01-04,14053.93,0
3,2,2011-08-04,15993.94,0
3,2,2011-04-15,14468.88,0
3,2,2011-04-22,14481.21,0
3,2,2011-04-29,15180.97,0
3,2,2011-06-05,17081.58,0
3,2,2011-05-13,15045.29,0
3,2,2011-05-20,16165.1,0
3,2,2011-05-27,16396.82,0
3,2,2011-03-06,18860.29,0
3,2,2011-10-06,17134.57,0
3,2,2011-06-17,16598.43,0
3,2,2011-06-24,16371.62,0
3,2,2011-01-07,17234.09,0
3,2,2011-08-07,18142.08,0
3,2,2011-07-15,17280.79,0
3,2,2011-07-22,16943.33,0
3,2,2011-07-29,15522.52,0
3,2,2011-05-08,17813.69,0
3,2,2011-12-08,15778.28,0
3,2,2011-08-19,16711.34,0
3,2,2011-08-26,17076.63,0
3,2,2011-02-09,18264.92,0
3,2,2011-09-09,18239.57,1
3,2,2011-09-16,16869.08,0
3,2,2011-09-23,16903.48,0
3,2,2011-09-30,16265.53,0
3,2,2011-07-10,18304.81,0
3,2,2011-10-14,16641.16,0
3,2,2011-10-21,17254.0,0
3,2,2011-10-28,15181.86,0
3,2,2011-04-11,17299.41,0
3,2,2011-11-11,16030.5,0
3,2,2011-11-18,16717.85,0
3,2,2011-11-25,14641.28,1
3,2,2011-02-12,17134.48,0
3,2,2011-09-12,17374.19,0
3,2,2011-12-16,19193.83,0
3,2,2011-12-23,20953.59,0
3,2,2011-12-30,16996.31,1
3,2,2012-06-01,16860.86,0
3,2,2012-01-13,15991.42,0
3,2,2012-01-20,16779.65,0
3,2,2012-01-27,16162.75,0
3,2,2012-03-02,20418.72,0
3,2,2012-10-02,20754.94,1
3,2,2012-02-17,19546.6,0
3,2,2012-02-24,18270.09,0
3,2,2012-02-03,22222.09,0
3,2,2012-09-03,19256.13,0
3,2,2012-03-16,18206.82,0
3,2,2012-03-23,17341.51,0
3,2,2012-03-30,18609.02,0
3,2,2012-06-04,19899.97,0
3,2,2012-04-13,18101.45,0
3,2,2012-04-20,18816.49,0
3,2,2012-04-27,19008.6,0
3,2,2012-04-05,20638.49,0
3,2,2012-11-05,18177.59,0
3,2,2012-05-18,19237.79,0
3,2,2012-05-25,18005.1,0
3,2,2012-01-06,20482.8,0
3,2,2012-08-06,20543.8,0
3,2,2012-06-15,19719.88,0
3,2,2012-06-22,19549.19,0
3,2,2012-06-29,19623.29,0
3,2,2012-06-07,20826.61,0
3,2,2012-07-13,19257.58,0
3,2,2012-07-20,18253.09,0
3,2,2012-07-27,18915.8,0
3,2,2012-03-08,21064.43,0
3,2,2012-10-08,19509.85,0
3,2,2012-08-17,19013.37,0
3,2,2012-08-24,18145.98,0
3,2,2012-08-31,20118.38,0
3,2,2012-07-09,19681.7,1
3,2,2012-09-14,18532.1,0
3,2,2012-09-21,18270.56,0
3,2,2012-09-28,17986.75,0
3,2,2012-05-10,20517.77,0
3,2,2012-12-10,18120.98,0
3,2,2012-10-19,19849.1,0
3,2,2012-10-26,18894.7,0
4,1,2010-05-02,38724.42,0
4,1,2010-12-02,69872.44,1
4,1,2010-02-19,49937.09,0
4,1,2010-02-26,30107.54,0
4,1,2010-05-03,31580.69,0
4,1,2010-12-03,29452.49,0
4,1,2010-03-19,30853.27,0
4,1,2010-03-26,33401.19,0
4,1,2010-02-04,75535.18,0
4,1,2010-09-04,56416.66,0
4,1,2010-04-16,27744.54,0
4,1,2010-04-23,23961.8,0
4,1,2010-04-30,25076.0,0
4,1,2010-07-05,27453.68,0
4,1,2010-05-14,27649.17,0
4,1,2010-05-21,27138.28,0
4,1,2010-05-28,25405.65,0
4,1,2010-04-06,25702.66,0
4,1,2010-11-06,26962.02,0
4,1,2010-06-18,26832.57,0
4,1,2010-06-25,25940.32,0
4,1,2010-02-07,27310.36,0
4,1,2010-09-07,26687.61,0
4,1,2010-07-16,27218.37,0
4,1,2010-07-23,27561.95,0
4,1,2010-07-30,27493.53,0
4,1,2010-06-08,24769.54,0
4,1,2010-08-13,27058.91,0
4,1,2010-08-20,27077.42,0
4,1,2010-08-27,28044.57,0
4,1,2010-03-09,34713.96,0
4,1,2010-10-09,33641.04,1
4,1,2010-09-17,33298.06,0
4,1,2010-09-24,32211.3,0
4,1,2010-01-10,36486.28,0
4,1,2010-08-10,37119.05,0
4,1,2010-10-15,42167.71,0
4,1,2010-10-22,51673.53,0
4,1,2010-10-29,77397.15,0
4,1,2010-05-11,48727.62,0
4,1,2010-12-11,29630.5,0
4,1,2010-11-19,32392.84,0
4,1,2010-11-26,30958.54,1
4,1,2010-03-12,36639.21,0
4,1,2010-10-12,49875.17,0
4,1,2010-12-17,74389.92,0
4,1,2010-12-24,91216.16,0
4,1,2010-12-31,28449.27,1
4,1,2011-07-01,25293.64,0
4,1,2011-01-14,27985.62,0
4,1,2011-01-21,29835.26,0
4,1,2011-01-28,30977.96,0
4,1,2011-04-02,34778.17,0
4,1,2011-11-02,57504.1,1
4,1,2011-02-18,62481.47,0
4,1,2011-02-25,26289.28,0
4,1,2011-04-03,26562.46,0
4,1,2011-11-03,31284.95,0
4,1,2011-03-18,32981.01,0
4,1,2011-03-25,32193.44,0
4,1,2011-01-04,33809.56,0
4,1,2011-08-04,36416.8,0
4,1,2011-04-15,44011.29,0
4,1,2011-04-22,83445.89,0
4,1,2011-04-29,50759.95,0
4,1,2011-06-05,25494.77,0
4,1,2011-05-13,27189.7,0
4,1,2011-05-20,25198.4,0
4,1,2011-05-27,25035.61,0
4,1,2011-03-06,25401.86,0
4,1,2011-10-06,24726.22,0
4,1,2011-06-17,27152.27,0
4,1,2011-06-24,26859.67,0
4,1,2011-01-07,25369.16,0
4,1,2011-08-07,25268.24,0
4,1,2011-07-15,27552.72,0
4,1,2011-07-22,26282.08,0
4,1,2011-07-29,27285.06,0
4,1,2011-05-08,26374.86,0
4,1,2011-12-08,25209.84,0
4,1,2011-08-19,28222.27,0
4,1,2011-08-26,24753.73,0
4,1,2011-02-09,29247.78,0
4,1,2011-09-09,34792.14,1
4,1,2011-09-16,35859.06,0
4,1,2011-09-23,35276.78,0
4,1,2011-09-30,34714.78,0
4,1,2011-07-10,41743.66,0
4,1,2011-10-14,44776.55,0
4,1,2011-10-21,45777.26,0
4,1,2011-10-28,64829.37,0
4,1,2011-04-11,78489.3,0
4,1,2011-11-11,36681.61,0
4,1,2011-11-18,32494.43,0
4,1,2011-11-25,33800.16,1
4,1,2011-02-12,41861.0,0
4,1,2011-09-12,52520.88,0
4,1,2011-12-16,73671.92,0
4,1,2011-12-23,91965.85,0
4,1,2011-12-30,36490.94,1
4,1,2012-06-01,28952.16,0
4,1,2012-01-13,29525.51,0
4,1,2012-01-20,32267.18,0
4,1,2012-01-27,31549.81,0
4,1,2012-03-02,40680.72,0
4,1,2012-10-02,56486.03,1
4,1,2012-02-17,76195.06,0
4,1,2012-02-24,31670.04,0
4,1,2012-02-03,32036.11,0
4,1,2012-09-03,31564.55,0
4,1,2012-03-16,34859.57,0
4,1,2012-03-23,37148.64,0
4,1,2012-03-30,44590.27,0
4,1,2012-06-04,85839.78,0
4,1,2012-04-13,50108.12,0
4,1,2012-04-20,26161.45,0
4,1,2012-04-27,26812.03,0
4,1,2012-04-05,27487.23,0
4,1,2012-11-05,30837.99,0
4,1,2012-05-18,28663.44,0
4,1,2012-05-25,27820.39,0
4,1,2012-01-06,27095.99,0
4,1,2012-08-06,28423.52,0
4,1,2012-06-15,30679.71,0
4,1,2012-06-22,28806.8,0
4,1,2012-06-29,29604.1,0
4,1,2012-06-07,28160.76,0
4,1,2012-07-13,29606.6,0
4,1,2012-07-20,29345.26,0
4,1,2012-07-27,28044.01,0
4,1,2012-03-08,28716.36,0
4,1,2012-10-08,28705.5,0
4,1,2012-08-17,27670.98,0
4,1,2012-08-24,29877.12,0
4,1,2012-08-31,29547.48,0
4,1,2012-07-09,33724.46,1
4,1,2012-09-14,37140.15,0
4,1,2012-09-21,38189.91,0
4,1,2012-09-28,36574.4,0
4,1,2012-05-10,41292.92,0
4,1,2012-12-10,44080.53,0
4,1,2012-10-19,49604.49,0
4,1,2012-10-26,57046.29,0
4,2,2010-05-02,91481.24,0
4,2,2010-12-02,85763.19,1
4,2,2010-02-19,86570.21,0
4,2,2010-02-26,84405.45,0
4,2,2010-05-03,87922.48,0
4,2,2010-12-03,82292.01,0
4,2,2010-03-19,81217.33,0
4,2,2010-03-26,75726.7,0
4,2,2010-02-04,83927.41,0
4,2,2010-09-04,76007.75,0
4,2,2010-04-16,84643.38,0
4,2,2010-04-23,82631.69,0
4,2,2010-04-30,82676.37,0
4,2,2010-07-05,86455.24,0
4,2,2010-05-14,77259.96,0
4,2,2010-05-21,81805.04,0
4,2,2010-05-28,82674.48,0
4,2,2010-04-06,83294.12,0
4,2,2010-11-06,78179.6,0
4,2,2010-06-18,86165.93,0
4,2,2010-06-25,78775.38,0
4,2,2010-02-07,86804.99,0
4,2,2010-09-07,81534.25,0
4,2,2010-07-16,87181.89,0
4,2,2010-07-23,81652.46,0
4,2,2010-07-30,85568.43,0
4,2,2010-06-08,87791.77,0
4,2,2010-08-13,95845.19,0
4,2,2010-08-20,99771.88,0
4,2,2010-08-27,87362.54,0
4,2,2010-03-09,93677.66,0
4,2,2010-10-09,87384.43,1
4,2,2010-09-17,89875.27,0
4,2,2010-09-24,85159.65,0
4,2,2010-01-10,88537.23,0
4,2,2010-08-10,86708.3,0
4,2,2010-10-15,82889.69,0
4,2,2010-10-22,86969.56,0
4,2,2010-10-29,84800.12,0
4,2,2010-05-11,92919.57,0
4,2,2010-12-11,86753.2,0
4,2,2010-11-19,89350.52,0
4,2,2010-11-26,91281.55,1
4,2,2010-03-12,89556.97,0
4,2,2010-10-12,94107.63,0
4,2,2010-12-17,100225.88,0
4,2,2010-12-24,116473.44,0
4,2,2010-12-31,78283.52,1
4,2,2011-07-01,90467.13,0
4,2,2011-01-14,88181.29,0
4,2,2011-01-21,90745.3,0
4,2,2011-01-28,84516.07,0
4,2,2011-04-02,94201.14,0
4,2,2011-11-02,95467.6,1
4,2,2011-02-18,99214.16,0
4,2,2011-02-25,100464.89,0
4,2,2011-04-03,99650.0,0
4,2,2011-11-03,90576.52,0
4,2,2011-03-18,97957.06,0
4,2,2011-03-25,90527.65,0
4,2,2011-01-04,87803.95,0
4,2,2011-08-04,92681.28,0
4,2,2011-04-15,90248.83,0
4,2,2011-04-22,103397.79,0
4,2,2011-04-29,85613.14,0
4,2,2011-06-05,96111.37,0
4,2,2011-05-13,89627.89,0
4,2,2011-05-20,94545.1,0
4,2,2011-05-27,93786.26,0
4,2,2011-03-06,95548.42,0
4,2,2011-10-06,93516.12,0
4,2,2011-06-17,96510.39,0
4,2,2011-06-24,90050.58,0
4,2,2011-01-07,96552.99,0
4,2,2011-08-07,92967.82,0
4,2,2011-07-15,96183.71,0
4,2,2011-07-22,98684.69,0
4,2,2011-07-29,94034.84,0
4,2,2011-05-08,104133.38,0
4,2,2011-12-08,95162.69,0
4,2,2011-08-19,107974.78,0
4,2,2011-08-26,96329.83,0
4,2,2011-02-09,104098.12,0
4,2,2011-09-09,96952.19,1
4,2,2011-09-16,96937.39,0
4,2,2011-09-23,96778.13,0
4,2,2011-09-30,94264.32,0
4,2,2011-07-10,105441.07,0
4,2,2011-10-14,94631.83,0
4,2,2011-10-21,97077.45,0
4,2,2011-10-28,89021.14,0
4,2,2011-04-11,96580.1,0
4,2,2011-11-11,95843.73,0
4,2,2011-11-18,96244.02,0
4,2,2011-11-25,92337.97,1
4,2,2011-02-12,90896.84,0
4,2,2011-09-12,96307.24,0
4,2,2011-12-16,104945.49,0
4,2,2011-12-23,123735.98,0
4,2,2011-12-30,81744.17,1
4,2,2012-06-01,94469.77,0
4,2,2012-01-13,88422.58,0
4,2,2012-01-20,91454.16,0
4,2,2012-01-27,90813.61,0
4,2,2012-03-02,101578.47,0
4,2,2012-10-02,105498.09,1
4,2,2012-02-17,101605.74,0
4,2,2012-02-24,106364.4,0
4,2,2012-02-03,106758.96,0
4,2,2012-09-03,105045.44,0
4,2,2012-03-16,101053.81,0
4,2,2012-03-23,94894.85,0
4,2,2012-03-30,95111.76,0
4,2,2012-06-04,104332.33,0
4,2,2012-04-13,90747.71,0
4,2,2012-04-20,102204.4,0
4,2,2012-04-27,94450.19,0
4,2,2012-04-05,102425.54,0
4,2,2012-11-05,93896.22,0
4,2,2012-05-18,99759.73,0
4,2,2012-05-25,102223.65,0
4,2,2012-01-06,102405.35,0
4,2,2012-08-06,102099.34,0
4,2,2012-06-15,99532.65,0
4,2,2012-06-22,100073.71,0
4,2,2012-06-29,100415.52,0
4,2,2012-06-07,104872.78,0
4,2,2012-07-13,98915.31,0
4,2,2012-07-20,101996.56,0
4,2,2012-07-27,98674.89,0
4,2,2012-03-08,101872.8,0
4,2,2012-10-08,96870.0,0
4,2,2012-08-17,112674.99,0
4,2,2012-08-24,101654.79,0
4,2,2012-08-31,101495.5,0
4,2,2012-07-09,100312.06,1
4,2,2012-09-14,96606.57,0
4,2,2012-09-21,95291.41,0
4,2,2012-09-28,94947.88,0
4,2,2012-05-10,101963.71,0
4,2,2012-12-10,91054.12,0
4,2,2012-10-19,94432.15,0
4,2,2012-10-26,93534.21,0
5,1,2010-05-02,9323.89,0
5,1,2010-12-02,16861.1,1
5,1,2010-02-19,11417.67,0
5,1,2010-02-26,7168.41,0
5,1,2010-05-03,8344.13,0
5,1,2010-12-03,7531.45,0
5,1,2010-03-19,8719.27,0
5,1,2010-03-26,9945.67,0
5,1,2010-02-04,21113.02,0
5,1,2010-09-04,15310.29,0
5,1,2010-04-16,6815.91,0
5,1,2010-04-23,7178.81,0
5,1,2010-04-30,7582.13,0
5,1,2010-07-05,7515.54,0
5,1,2010-05-14,7575.66,0
5,1,2010-05-21,7566.13,0
5,1,2010-05-28,7869.37,0
5,1,2010-04-06,7760.76,0
5,1,2010-11-06,7744.62,0
5,1,2010-06-18,7347.19,0
5,1,2010-06-25,7301.6,0
5,1,2010-02-07,8003.94,0
5,1,2010-09-07,7089.38,0
5,1,2010-07-16,7755.51,0
5,1,2010-07-23,7045.25,0
5,1,2010-07-30,6937.64,0
5,1,2010-06-08,7148.15,0
5,1,2010-08-13,6694.81,0
5,1,2010-08-20,7589.85,0
5,1,2010-08-27,7521.08,0
5,1,2010-03-09,8196.79,0
5,1,2010-10-09,8886.99,1
5,1,2010-09-17,8103.93,0
5,1,2010-09-24,8277.02,0
5,1,2010-01-10,8588.14,0
5,1,2010-08-10,9312.68,0
5,1,2010-10-15,9582.16,0
5,1,2010-10-22,10069.43,0
5,1,2010-10-29,12061.1,0
5,1,2010-05-11,11137.94,0
5,1,2010-12-11,8743.16,0
5,1,2010-11-19,8369.99,0
5,1,2010-11-26,9369.26,1
5,1,2010-03-12,10929.57,0
5,1,2010-10-12,12164.4,0
5,1,2010-12-17,13563.08,0
5,1,2010-12-24,14904.77,0
5,1,2010-12-31,6785.2,1
5,1,2011-07-01,7335.45,0
5,1,2011-01-14,8075.77,0
5,1,2011-01-21,8109.88,0
5,1,2011-01-28,8021.74,0
5,1,2011-04-02,9819.84,0
5,1,2011-11-02,13407.55,1
5,1,2011-02-18,16778.51,0
5,1,2011-02-25,9676.42,0
5,1,2011-04-03,8743.51,0
5,1,2011-11-03,8702.11,0
5,1,2011-03-18,8615.19,0
5,1,2011-03-25,8809.64,0
5,1,2011-01-04,9287.0,0
5,1,2011-08-04,9381.66,0
5,1,2011-04-15,12239.56,0
5,1,2011-04-22,18238.83,0
5,1,2011-04-29,12830.22,0
5,1,2011-06-05,8751.74,0
5,1,2011-05-13,7871.57,0
5,1,2011-05-20,8169.97,0
5,1,2011-05-27,7901.75,0
5,1,2011-03-06,8175.25,0
5,1,2011-10-06,8170.13,0
5,1,2011-06-17,8157.72,0
5,1,2011-06-24,8392.34,0
5,1,2011-01-07,8073.14,0
5,1,2011-08-07,7588.98,0
5,1,2011-07-15,7932.29,0
5,1,2011-07-22,8268.8,0
5,1,2011-07-29,8110.21,0
5,1,2011-05-08,7979.93,0
5,1,2011-12-08,7181.46,0
5,1,2011-08-19,7521.31,0
5,1,2011-08-26,7491.92,0
5,1,2011-02-09,8646.46,0
5,1,2011-09-09,8637.23,1
5,1,2011-09-16,8401.6,0
5,1,2011-09-23,9537.87,0
5,1,2011-09-30,9078.61,0
5,1,2011-07-10,10038.53,0
5,1,2011-10-14,10269.42,0
5,1,2011-10-21,10682.45,0
5,1,2011-10-28,12507.77,0
5,1,2011-04-11,15399.72,0
5,1,2011-11-11,8610.92,0
5,1,2011-11-18,8626.3,0
5,1,2011-11-25,9770.76,1
5,1,2011-02-12,11761.28,0
5,1,2011-09-12,12086.87,0
5,1,2011-12-16,15344.65,0
5,1,2011-12-23,17702.22,0
5,1,2011-12-30,10107.45,1
5,1,2012-06-01,8092.11,0
5,1,2012-01-13,9077.81,0
5,1,2012-01-20,8693.53,0
5,1,2012-01-27,9485.99,0
5,1,2012-03-02,10252.35,0
5,1,2012-10-02,12558.72,1
5,1,2012-02-17,16925.06,0
5,1,2012-02-24,8987.21,0
5,1,2012-02-03,9930.02,0
5,1,2012-09-03,9739.46,0
5,1,2012-03-16,10612.87,0
5,1,2012-03-23,11845.17,0
5,1,2012-03-30,12374.57,0
5,1,2012-06-04,21004.49,0
5,1,2012-04-13,13402.45,0
5,1,2012-04-20,8719.73,0
5,1,2012-04-27,9415.89,0
5,1,2012-04-05,9319.43,0
5,1,2012-11-05,8470.26,0
5,1,2012-05-18,9179.3,0
5,1,2012-05-25,9167.85,0
5,1,2012-01-06,9442.66,0
5,1,2012-08-06,8904.1,0
5,1,2012-06-15,8972.27,0
5,1,2012-06-22,9177.87,0
5,1,2012-06-29,9103.46,0
5,1,2012-06-07,9215.62,0
5,1,2012-07-13,9323.17,0
5,1,2012-07-20,9513.66,0
5,1,2012-07-27,9303.88,0
5,1,2012-03-08,9349.21,0
5,1,2012-10-08,8631.27,0
5,1,2012-08-17,9279.56,0
5,1,2012-08-24,9106.92,0
5,1,2012-08-31,9680.49,0
5,1,2012-07-09,9584.31,1
5,1,2012-09-14,10021.23,0
5,1,2012-09-21,10956.4,0
5,1,2012-09-28,10267.48,0
5,1,2012-05-10,11328.69,0
5,1,2012-12-10,11631.4,0
5,1,2012-10-19,11093.36,0
5,1,2012-10-26,12774.47,0
5,2,2010-05-02,11955.45,0
5,2,2010-12-02,11794.51,1
5,2,2010-02-19,11707.09,0
5,2,2010-02-26,11452.33,0
5,2,2010-05-03,11300.69,0
5,2,2010-12-03,11348.25,0
5,2,2010-03-19,10568.97,0
5,2,2010-03-26,10914.92,0
5,2,2010-02-04,11377.24,0
5,2,2010-09-04,11802.96,0
5,2,2010-04-16,13085.44,0
5,2,2010-04-23,12205.51,0
5,2,2010-04-30,12249.8,0
5,2,2010-07-05,12938.5,0
5,2,2010-05-14,11263.24,0
5,2,2010-05-21,14107.81,0
5,2,2010-05-28,12399.81,0
5,2,2010-04-06,13567.78,0
5,2,2010-11-06,12281.09,0
5,2,2010-06-18,12188.84,0
5,2,2010-06-25,11676.81,0
5,2,2010-02-07,11637.73,0
5,2,2010-09-07,12100.26,0
5,2,2010-07-16,12002.4,0
5,2,2010-07-23,12854.37,0
5,2,2010-07-30,12088.9,0
5,2,2010-06-08,12467.34,0
5,2,2010-08-13,12218.48,0
5,2,2010-08-20,12498.59,0
5,2,2010-08-27,12321.27,0
5,2,2010-03-09,13074.35,0
5,2,2010-10-09,11640.49,1
5,2,2010-09-17,12059.87,0
5,2,2010-09-24,12249.03,0
5,2,2010-01-10,11754.62,0
5,2,2010-08-10,10998.41,0
5,2,2010-10-15,10898.81,0
5,2,2010-10-22,11779.08,0
5,2,2010-10-29,11692.76,0
5,2,2010-05-11,12234.58,0
5,2,2010-12-11,11433.78,0
5,2,2010-11-19,10301.94,0
5,2,2010-11-26,11145.8,1
5,2,2010-03-12,10894.39,0
5,2,2010-10-12,12491.32,0
5,2,2010-12-17,12673.86,0
5,2,2010-12-24,14915.24,0
5,2,2010-12-31,9999.57,1
5,2,2011-07-01,10998.63,0
5,2,2011-01-14,10189.2,0
5,2,2011-01-21,10598.24,0
5,2,2011-01-28,10737.69,0
5,2,2011-04-02,11470.96,0
5,2,2011-11-02,11579.75,1
5,2,2011-02-18,12983.57,0
5,2,2011-02-25,12548.24,0
5,2,2011-04-03,13478.15,0
5,2,2011-11-03,11547.79,0
5,2,2011-03-18,11640.46,0
5,2,2011-03-25,11728.21,0
5,2,2011-01-04,12161.13,0
5,2,2011-08-04,12824.11,0
5,2,2011-04-15,11663.39,0
5,2,2011-04-22,12601.23,0
5,2,2011-04-29,11964.84,0
5,2,2011-06-05,13090.7,0
5,2,2011-05-13,11821.98,0
5,2,2011-05-20,13081.65,0
5,2,2011-05-27,13005.92,0
5,2,2011-03-06,13791.92,0
5,2,2011-10-06,12687.22,0
5,2,2011-06-17,12213.47,0
5,2,2011-06-24,11739.48,0
5,2,2011-01-07,12476.74,0
5,2,2011-08-07,12708.1,0
5,2,2011-07-15,12068.92,0
5,2,2011-07-22,12964.11,0
5,2,2011-07-29,12265.76,0
5,2,2011-05-08,12730.58,0
5,2,2011-12-08,11501.35,0
5,2,2011-08-19,11474.41,0
5,2,2011-08-26,13334.31,0
5,2,2011-02-09,13000.71,0
5,2,2011-09-09,13799.3,1
5,2,2011-09-16,12035.27,0
5,2,2011-09-23,12327.21,0
5,2,2011-09-30,12330.71,0
5,2,2011-07-10,12812.93,0
5,2,2011-10-14,11748.71,0
5,2,2011-10-21,12322.31,0
5,2,2011-10-28,11638.29,0
5,2,2011-04-11,12393.73,0
5,2,2011-11-11,12275.25,0
5,2,2011-11-18,11568.77,0
5,2,2011-11-25,12580.96,1
5,2,2011-02-12,14037.12,0
5,2,2011-09-12,12178.82,0
5,2,2011-12-16,13528.87,0
5,2,2011-12-23,16430.32,0
5,2,2011-12-30,12352.45,1
5,2,2012-06-01,12652.75,0
5,2,2012-01-13,11954.09,0
5,2,2012-01-20,11762.25,0
5,2,2012-01-27,11466.29,0
5,2,2012-03-02,13081.04,0
5,2,2012-10-02,13324.14,1
5,2,2012-02-17,12760.09,0
5,2,2012-02-24,14104.45,0
5,2,2012-02-03,13797.98,0
5,2,2012-09-03,12629.58,0
5,2,2012-03-16,13651.44,0
5,2,2012-03-23,12105.17,0
5,2,2012-03-30,11590.52,0
5,2,2012-06-04,13415.25,0
5,2,2012-04-13,11752.46,0
5,2,2012-04-20,12458.91,0
5,2,2012-04-27,12600.3,0
5,2,2012-04-05,13703.34,0
5,2,2012-11-05,12292.68,0
5,2,2012-05-18,12121.68,0
5,2,2012-05-25,13372.55,0
5,2,2012-01-06,13043.85,0
5,2,2012-08-06,13640.91,0
5,2,2012-06-15,12374.49,0
5,2,2012-06-22,12594.58,0
5,2,2012-06-29,13397.65,0
5,2,2012-06-07,13490.35,0
5,2,2012-07-13,12380.57,0
5,2,2012-07-20,12409.06,0
5,2,2012-07-27,11566.52,0
5,2,2012-03-08,12728.16,0
5,2,2012-10-08,12468.23,0
5,2,2012-08-17,12920.22,0
5,2,2012-08-24,12570.74,0
5,2,2012-08-31,13689.86,0
5,2,2012-07-09,13696.73,1
5,2,2012-09-14,11075.94,0
5,2,2012-09-21,12396.17,0
5,2,2012-09-28,12027.59,0
5,2,2012-05-10,13455.98,0
5,2,2012-12-10,11901.2,0
5,2,2012-10-19,11869.45,0
5,2,2012-10-26,11523.89,0
6,1,2010-05-02,25619.0,0
6,1,2010-12-02,43749.81,1
6,1,2010-02-19,34750.82,0
6,1,2010-02-26,19896.08,0
6,1,2010-05-03,22839.36,0
6,1,2010-12-03,24071.96,0
6,1,2010-03-19,26866.9,0
6,1,2010-03-26,28291.37,0
6,1,2010-02-04,62544.57,0
6,1,2010-09-04,44695.23,0
6,1,2010-04-16,20110.25,0
6,1,2010-04-23,19254.91,0
6,1,2010-04-30,18597.43,0
6,1,2010-07-05,20067.43,0
6,1,2010-05-14,20531.13,0
6,1,2010-05-21,17862.63,0
6,1,2010-05-28,19758.1,0
6,1,2010-04-06,20823.02,0
6,1,2010-11-06,21429.46,0
6,1,2010-06-18,21827.25,0
6,1,2010-06-25,21047.72,0
6,1,2010-02-07,21434.47,0
6,1,2010-09-07,20755.81,0
6,1,2010-07-16,21273.49,0
6,1,2010-07-23,19162.26,0
6,1,2010-07-30,20315.23,0
6,1,2010-06-08,21055.66,0
6,1,2010-08-13,19293.51,0
6,1,2010-08-20,17996.5,0
6,1,2010-08-27,17770.62,0
6,1,2010-03-09,19404.6,0
6,1,2010-10-09,19943.4,1
6,1,2010-09-17,17864.15,0
6,1,2010-09-24,17868.06,0
6,1,2010-01-10,18951.73,0
6,1,2010-08-10,22732.99,0
6,1,2010-10-15,25429.24,0
6,1,2010-10-22,29421.37,0
6,1,2010-10-29,37823.5,0
6,1,2010-05-11,34633.25,0
6,1,2010-12-11,19905.41,0
6,1,2010-11-19,20005.14,0
6,1,2010-11-26,20441.7,1
6,1,2010-03-12,24898.3,0
6,1,2010-10-12,36300.45,0
6,1,2010-12-17,51007.32,0
6,1,2010-12-24,57822.92,0
6,1,2010-12-31,19610.68,1
6,1,2011-07-01,13951.76,0
6,1,2011-01-14,14867.93,0
6,1,2011-01-21,16453.49,0
6,1,2011-01-28,17234.16,0
6,1,2011-04-02,21182.66,0
6,1,2011-11-02,32780.58,1
6,1,2011-02-18,38347.74,0
6,1,2011-02-25,16088.17,0
6,1,2011-04-03,16806.47,0
6,1,2011-11-03,18631.32,0
6,1,2011-03-18,20208.62,0
6,1,2011-03-25,18217.57,0
6,1,2011-01-04,21313.31,0
6,1,2011-08-04,23306.19,0
6,1,2011-04-15,26876.39,0
6,1,2011-04-22,54711.64,0
6,1,2011-04-29,41404.8,0
6,1,2011-06-05,18045.09,0
6,1,2011-05-13,15620.72,0
6,1,2011-05-20,15881.59,0
6,1,2011-05-27,16479.47,0
6,1,2011-03-06,17836.28,0
6,1,2011-10-06,18069.27,0
6,1,2011-06-17,17045.25,0
6,1,2011-06-24,19347.14,0
6,1,2011-01-07,19654.59,0
6,1,2011-08-07,19664.99,0
6,1,2011-07-15,19015.34,0
6,1,2011-07-22,17853.08,0
6,1,2011-07-29,16718.6,0
6,1,2011-05-08,18415.24,0
6,1,2011-12-08,16807.72,0
6,1,2011-08-19,17368.63,0
6,1,2011-08-26,15663.08,0
6,1,2011-02-09,17188.01,0
6,1,2011-09-09,18434.2,1
6,1,2011-09-16,18084.75,0
6,1,2011-09-23,18053.54,0
6,1,2011-09-30,19981.05,0
6,1,2011-07-10,22434.41,0
6,1,2011-10-14,23999.52,0
6,1,2011-10-21,28163.61,0
6,1,2011-10-28,36773.87,0
6,1,2011-04-11,41107.0,0
6,1,2011-11-11,17870.11,0
6,1,2011-11-18,20454.66,0
6,1,2011-11-25,21803.82,1
6,1,2011-02-12,27567.47,0
6,1,2011-09-12,37087.04,0
6,1,2011-12-16,51781.32,0
6,1,2011-12-23,56898.87,0
6,1,2011-12-30,25542.84,1
6,1,2012-06-01,15824.81,0
6,1,2012-01-13,17559.09,0
6,1,2012-01-20,18237.69,0
6,1,2012-01-27,19393.16,0
6,1,2012-03-02,22832.08,0
6,1,2012-10-02,31773.8,1
6,1,2012-02-17,49060.88,0
6,1,2012-02-24,19071.58,0
6,1,2012-02-03,19348.99,0
6,1,2012-09-03,20928.25,0
6,1,2012-03-16,25000.06,0
6,1,2012-03-23,25688.05,0
6,1,2012-03-30,29885.35,0
6,1,2012-06-04,57337.73,0
6,1,2012-04-13,43074.8,0
6,1,2012-04-20,17250.18,0
6,1,2012-04-27,16201.01,0
6,1,2012-04-05,18371.55,0
6,1,2012-11-05,18574.54,0
6,1,2012-05-18,19647.85,0
6,1,2012-05-25,19755.0,0
6,1,2012-01-06,19260.85,0
6,1,2012-08-06,19892.47,0
6,1,2012-06-15,20284.79,0
6,1,2012-06-22,19952.17,0
6,1,2012-06-29,20351.11,0
6,1,2012-06-07,22923.67,0
6,1,2012-07-13,20531.86,0
6,1,2012-07-20,19657.52,0
6,1,2012-07-27,17063.1,0
6,1,2012-03-08,18576.99,0
6,1,2012-10-08,16708.46,0
6,1,2012-08-17,17033.36,0
6,1,2012-08-24,16528.04,0
6,1,2012-08-31,17132.06,0
6,1,2012-07-09,18552.77,1
6,1,2012-09-14,18920.22,0
6,1,2012-09-21,19224.34,0
6,1,2012-09-28,18364.91,0
6,1,2012-05-10,22071.31,0
6,1,2012-12-10,24082.42,0
6,1,2012-10-19,27700.81,0
6,1,2012-10-26,30579.35,0
6,2,2010-05-02,50810.04,0
6,2,2010-12-02,46456.01,1
6,2,2010-02-19,48127.95,0
6,2,2010-02-26,46128.34,0
6,2,2010-05-03,52939.75,0
6,2,2010-12-03,48955.65,0
6,2,2010-03-19,50273.44,0
6,2,2010-03-26,44998.39,0
6,2,2010-02-04,51797.78,0
6,2,2010-09-04,51779.46,0
6,2,2010-04-16,49805.92,0
6,2,2010-04-23,49073.93,0
6,2,2010-04-30,48575.8,0
6,2,2010-07-05,52276.48,0
6,2,2010-05-14,47697.0,0
6,2,2010-05-21,51024.65,0
6,2,2010-05-28,52574.74,0
6,2,2010-04-06,58382.3,0
6,2,2010-11-06,56333.49,0
6,2,2010-06-18,54016.51,0
6,2,2010-06-25,53530.35,0
6,2,2010-02-07,56892.51,0
6,2,2010-09-07,53622.15,0
6,2,2010-07-16,55147.95,0
6,2,2010-07-23,55872.17,0
6,2,2010-07-30,52742.13,0
6,2,2010-06-08,55085.44,0
6,2,2010-08-13,51899.03,0
6,2,2010-08-20,53739.21,0
6,2,2010-08-27,51990.41,0
6,2,2010-03-09,49648.69,0
6,2,2010-10-09,47032.09,1
6,2,2010-09-17,42993.5,0
6,2,2010-09-24,42921.26,0
6,2,2010-01-10,43966.75,0
6,2,2010-08-10,43225.83,0
6,2,2010-10-15,44009.65,0
6,2,2010-10-22,43572.61,0
6,2,2010-10-29,44245.89,0
6,2,2010-05-11,44470.49,0
6,2,2010-12-11,43393.26,0
6,2,2010-11-19,44655.66,0
6,2,2010-11-26,51486.4,1
6,2,2010-03-12,49678.21,0
6,2,2010-10-12,49024.86,0
6,2,2010-12-17,53364.61,0
6,2,2010-12-24,70852.88,0
6,2,2010-12-31,42151.22,1
6,2,2011-07-01,44653.98,0
6,2,2011-01-14,41546.41,0
6,2,2011-01-21,40323.09,0
6,2,2011-01-28,39402.29,0
6,2,2011-04-02,43933.19,0
6,2,2011-11-02,46108.98,1
6,2,2011-02-18,46978.21,0
6,2,2011-02-25,46090.27,0
6,2,2011-04-03,48747.48,0
6,2,2011-11-03,48499.32,0
6,2,2011-03-18,51701.15,0
6,2,2011-03-25,46912.92,0
6,2,2011-01-04,45767.7,0
6,2,2011-08-04,46766.95,0
6,2,2011-04-15,45485.19,0
6,2,2011-04-22,49860.66,0
6,2,2011-04-29,47938.92,0
6,2,2011-06-05,47432.39,0
6,2,2011-05-13,47314.27,0
6,2,2011-05-20,45566.44,0
6,2,2011-05-27,49611.81,0
6,2,2011-03-06,56378.34,0
6,2,2011-10-06,53504.63,0
6,2,2011-06-17,50712.17,0
6,2,2011-06-24,49046.48,0
6,2,2011-01-07,53809.48,0
6,2,2011-08-07,55413.96,0
6,2,2011-07-15,51351.82,0
6,2,2011-07-22,55272.91,0
6,2,2011-07-29,50827.21,0
6,2,2011-05-08,55471.86,0
6,2,2011-12-08,51121.45,0
6,2,2011-08-19,51778.07,0
6,2,2011-08-26,51563.95,0
6,2,2011-02-09,47050.15,0
6,2,2011-09-09,52072.06,1
6,2,2011-09-16,46940.38,0
6,2,2011-09-23,45757.91,0
6,2,2011-09-30,43107.81,0
6,2,2011-07-10,50528.92,0
6,2,2011-10-14,44655.25,0
6,2,2011-10-21,45088.33,0
6,2,2011-10-28,44217.74,0
6,2,2011-04-11,47859.96,0
6,2,2011-11-11,48783.32,0
6,2,2011-11-18,47718.92,0
6,2,2011-11-25,51940.37,1
6,2,2011-02-12,47608.81,0
6,2,2011-09-12,54018.67,0
6,2,2011-12-16,58374.09,0
6,2,2011-12-23,79930.02,0
6,2,2011-12-30,48340.76,1
6,2,2012-06-01,49741.3,0
6,2,2012-01-13,47057.25,0
6,2,2012-01-20,46585.74,0
6,2,2012-01-27,43223.83,0
6,2,2012-03-02,50229.31,0
6,2,2012-10-02,52443.16,1
6,2,2012-02-17,50517.04,0
6,2,2012-02-24,50485.91,0
6,2,2012-02-03,55523.05,0
6,2,2012-09-03,53170.94,0
6,2,2012-03-16,56218.99,0
6,2,2012-03-23,48957.27,0
6,2,2012-03-30,48837.34,0
6,2,2012-06-04,56461.91,0
6,2,2012-04-13,48799.64,0
6,2,2012-04-20,48806.24,0
6,2,2012-04-27,49656.58,0
6,2,2012-04-05,53063.6,0
6,2,2012-11-05,50649.25,0
6,2,2012-05-18,48127.33,0
6,2,2012-05-25,52279.63,0
6,2,2012-01-06,55522.74,0
6,2,2012-08-06,58165.2,0
6,2,2012-06-15,56084.54,0
6,2,2012-06-22,57103.53,0
6,2,2012-06-29,55350.15,0
6,2,2012-06-07,61899.72,0
6,2,2012-07-13,53173.26,0
6,2,2012-07-20,55133.93,0
6,2,2012-07-27,53239.54,0
6,2,2012-03-08,57133.49,0
6,2,2012-10-08,53580.77,0
6,2,2012-08-17,52224.61,0
6,2,2012-08-24,53499.76,0
6,2,2012-08-31,54663.26,0
6,2,2012-07-09,53906.29,1
6,2,2012-09-14,47512.16,0
6,2,2012-09-21,48706.59,0
6,2,2012-09-28,45984.17,0
6,2,2012-05-10,51837.64,0
6,2,2012-12-10,44644.68,0
6,2,2012-10-19,47320.06,0
6,2,2012-10-26,46877.87,0
7,1,2010-05-02,8970.97,0
7,1,2010-12-02,14026.65,1
7,1,2010-02-19,12477.79,0
7,1,2010-02-26,8602.73,0
7,1,2010-05-03,9541.12,0
7,1,2010-12-03,9538.7,0
7,1,2010-03-19,11725.85,0
7,1,2010-03-26,11452.69,0
7,1,2010-02-04,20518.44,0
7,1,2010-09-04,13658.16,0
7,1,2010-04-16,6891.66,0
7,1,2010-04-23,5903.69,0
7,1,2010-04-30,6584.55,0
7,1,2010-07-05,6725.02,0
7,1,2010-05-14,6612.82,0
7,1,2010-05-21,6972.83,0
7,1,2010-05-28,6321.96,0
7,1,2010-04-06,6553.48,0
7,1,2010-11-06,6462.1,0
7,1,2010-06-18,6624.41,0
7,1,2010-06-25,7608.08,0
7,1,2010-02-07,9742.46,0
7,1,2010-09-07,8616.74,0
7,1,2010-07-16,7868.1,0
7,1,2010-07-23,7053.34,0
7,1,2010-07-30,7809.14,0
7,1,2010-06-08,8147.74,0
7,1,2010-08-13,7815.42,0
7,1,2010-08-20,7368.76,0
7,1,2010-08-27,7240.14,0
7,1,2010-03-09,7240.95,0
7,1,2010-10-09,8168.38,1
7,1,2010-09-17,7657.31,0
7,1,2010-09-24,8507.86,0
7,1,2010-01-10,7713.82,0
7,1,2010-08-10,8420.91,0
7,1,2010-10-15,9685.98,0
7,1,2010-10-22,9491.13,0
7,1,2010-10-29,14476.18,0
7,1,2010-05-11,12744.21,0
7,1,2010-12-11,6836.75,0
7,1,2010-11-19,7683.46,0
7,1,2010-11-26,8691.55,1
7,1,2010-03-12,9757.19,0
7,1,2010-10-12,12770.85,0
7,1,2010-12-17,16075.91,0
7,1,2010-12-24,21776.45,0
7,1,2010-12-31,9416.86,1
7,1,2011-07-01,7630.66,0
7,1,2011-01-14,7852.95,0
7,1,2011-01-21,8163.53,0
7,1,2011-01-28,8492.58,0
7,1,2011-04-02,8976.04,0
7,1,2011-11-02,10605.06,1
7,1,2011-02-18,10998.01,0
7,1,2011-02-25,8532.36,0
7,1,2011-04-03,8563.14,0
7,1,2011-11-03,8719.24,0
7,1,2011-03-18,9231.7,0
7,1,2011-03-25,8861.84,0
7,1,2011-01-04,8263.41,0
7,1,2011-08-04,8459.93,0
7,1,2011-04-15,8560.97,0
7,1,2011-04-22,15486.48,0
7,1,2011-04-29,12575.17,0
7,1,2011-06-05,6608.17,0
7,1,2011-05-13,6439.02,0
7,1,2011-05-20,6125.17,0
7,1,2011-05-27,6616.65,0
7,1,2011-03-06,7839.66,0
7,1,2011-10-06,7728.34,0
7,1,2011-06-17,7781.62,0
7,1,2011-06-24,8561.67,0
7,1,2011-01-07,10206.45,0
7,1,2011-08-07,11824.86,0
7,1,2011-07-15,9708.27,0
7,1,2011-07-22,9872.61,0
7,1,2011-07-29,9749.08,0
7,1,2011-05-08,9584.67,0
7,1,2011-12-08,9893.12,0
7,1,2011-08-19,9499.58,0
7,1,2011-08-26,9101.61,0
7,1,2011-02-09,8687.68,0
7,1,2011-09-09,9451.41,1
7,1,2011-09-16,9492.08,0
7,1,2011-09-23,9016.78,0
7,1,2011-09-30,8612.84,0
7,1,2011-07-10,9199.01,0
7,1,2011-10-14,9732.21,0
7,1,2011-10-21,10882.67,0
7,1,2011-10-28,12416.52,0
7,1,2011-04-11,15496.64,0
7,1,2011-11-11,6884.89,0
7,1,2011-11-18,8378.54,0
7,1,2011-11-25,9406.51,1
7,1,2011-02-12,9611.32,0
7,1,2011-09-12,11930.02,0
7,1,2011-12-16,15884.31,0
7,1,2011-12-23,24797.06,0
7,1,2011-12-30,14835.08,1
7,1,2012-06-01,10577.58,0
7,1,2012-01-13,9573.3,0
7,1,2012-01-20,9179.93,0
7,1,2012-01-27,9625.14,0
7,1,2012-03-02,10326.44,0
7,1,2012-10-02,11874.73,1
7,1,2012-02-17,15035.59,0
7,1,2012-02-24,9400.83,0
7,1,2012-02-03,9415.61,0
7,1,2012-09-03,10755.03,0
7,1,2012-03-16,11532.05,0
7,1,2012-03-23,10937.37,0
7,1,2012-03-30,11485.36,0
7,1,2012-06-04,18774.68,0
7,1,2012-04-13,12213.38,0
7,1,2012-04-20,7427.26,0
7,1,2012-04-27,6540.72,0
7,1,2012-04-05,5589.62,0
7,1,2012-11-05,6462.63,0
7,1,2012-05-18,6350.38,0
7,1,2012-05-25,6550.23,0
7,1,2012-01-06,7410.18,0
7,1,2012-08-06,6971.47,0
7,1,2012-06-15,7748.14,0
7,1,2012-06-22,7967.26,0
7,1,2012-06-29,8535.45,0
7,1,2012-06-07,11298.7,0
7,1,2012-07-13,9253.35,0
7,1,2012-07-20,9120.14,0
7,1,2012-07-27,8470.07,0
7,1,2012-03-08,9853.39,0
7,1,2012-10-08,8698.9,0
7,1,2012-08-17,8558.33,0
7,1,2012-08-24,8944.76,0
7,1,2012-08-31,7297.08,0
7,1,2012-07-09,8629.07,1
7,1,2012-09-14,7985.95,0
7,1,2012-09-21,8665.29,0
7,1,2012-09-28,8239.78,0
7,1,2012-05-10,8034.2,0
7,1,2012-12-10,8175.43,0
7,1,2012-10-19,9771.51,0
7,1,2012-10-26,10983.79,0
7,2,2010-05-02,21129.93,0
7,2,2010-12-02,21635.61,1
7,2,2010-02-19,21900.24,0
7,2,2010-02-26,21804.64,0
7,2,2010-05-03,21228.66,0
7,2,2010-12-03,20262.36,0
7,2,2010-03-19,24668.42,0
7,2,2010-03-26,23839.52,0
7,2,2010-02-04,25175.33,0
7,2,2010-09-04,20971.66,0
7,2,2010-04-16,18648.02,0
7,2,2010-04-23,17649.85,0
7,2,2010-04-30,16676.16,0
7,2,2010-07-05,17014.41,0
7,2,2010-05-14,15200.07,0
7,2,2010-05-21,14963.68,0
7,2,2010-05-28,15823.48,0
7,2,2010-04-06,17264.79,0
7,2,2010-11-06,17988.67,0
7,2,2010-06-18,17386.57,0
7,2,2010-06-25,19126.4,0
7,2,2010-02-07,21027.59,0
7,2,2010-09-07,23968.17,0
7,2,2010-07-16,22799.45,0
7,2,2010-07-23,24265.62,0
7,2,2010-07-30,24544.98,0
7,2,2010-06-08,26505.19,0
7,2,2010-08-13,23952.81,0
7,2,2010-08-20,24278.75,0
7,2,2010-08-27,22335.1,0
7,2,2010-03-09,21678.56,0
7,2,2010-10-09,22394.99,1
7,2,2010-09-17,21380.07,0
7,2,2010-09-24,19485.13,0
7,2,2010-01-10,18168.4,0
7,2,2010-08-10,20030.78,0
7,2,2010-10-15,19539.43,0
7,2,2010-10-22,18255.89,0
7,2,2010-10-29,17256.87,0
7,2,2010-05-11,18544.0,0
7,2,2010-12-11,20078.08,0
7,2,2010-11-19,19193.77,0
7,2,2010-11-26,22014.98,1
7,2,2010-03-12,20545.6,0
7,2,2010-10-12,21661.97,0
7,2,2010-12-17,24054.22,0
7,2,2010-12-24,33713.7,0
7,2,2010-12-31,27483.11,1
7,2,2011-07-01,26164.3,0
7,2,2011-01-14,22899.71,0
7,2,2011-01-21,21884.55,0
7,2,2011-01-28,21830.47,0
7,2,2011-04-02,21568.46,0
7,2,2011-11-02,22042.67,1
7,2,2011-02-18,23131.82,0
7,2,2011-02-25,23316.39,0
7,2,2011-04-03,24384.16,0
7,2,2011-11-03,23629.67,0
7,2,2011-03-18,25225.73,0
7,2,2011-03-25,24290.94,0
7,2,2011-01-04,21889.81,0
7,2,2011-08-04,22243.48,0
7,2,2011-04-15,17549.39,0
7,2,2011-04-22,20515.06,0
7,2,2011-04-29,18491.87,0
7,2,2011-06-05,16698.57,0
7,2,2011-05-13,16276.06,0
7,2,2011-05-20,17275.81,0
7,2,2011-05-27,17519.49,0
7,2,2011-03-06,19234.93,0
7,2,2011-10-06,21561.66,0
7,2,2011-06-17,21189.99,0
7,2,2011-06-24,24064.38,0
7,2,2011-01-07,25216.16,0
7,2,2011-08-07,29486.43,0
7,2,2011-07-15,25917.52,0
7,2,2011-07-22,26457.51,0
7,2,2011-07-29,27474.57,0
7,2,2011-05-08,26230.49,0
7,2,2011-12-08,26294.7,0
7,2,2011-08-19,27378.01,0
7,2,2011-08-26,24948.62,0
7,2,2011-02-09,23763.31,0
7,2,2011-09-09,23063.93,1
7,2,2011-09-16,20605.65,0
7,2,2011-09-23,21210.55,0
7,2,2011-09-30,19954.55,0
7,2,2011-07-10,20663.99,0
7,2,2011-10-14,19937.63,0
7,2,2011-10-21,19715.54,0
7,2,2011-10-28,19114.77,0
7,2,2011-04-11,21320.52,0
7,2,2011-11-11,19949.08,0
7,2,2011-11-18,21409.92,0
7,2,2011-11-25,24210.72,1
7,2,2011-02-12,21329.09,0
7,2,2011-09-12,23144.52,0
7,2,2011-12-16,25653.06,0
7,2,2011-12-23,39099.8,0
7,2,2011-12-30,33039.23,1
7,2,2012-06-01,29285.15,0
7,2,2012-01-13,24995.46,0
7,2,2012-01-20,24901.59,0
7,2,2012-01-27,23152.76,0
7,2,2012-03-02,24487.82,0
7,2,2012-10-02,24334.56,1
7,2,2012-02-17,26213.43,0
7,2,2012-02-24,22974.87,0
7,2,2012-02-03,23321.1,0
7,2,2012-09-03,25144.05,0
7,2,2012-03-16,27102.2,0
7,2,2012-03-23,27650.75,0
7,2,2012-03-30,25030.43,0
7,2,2012-06-04,26733.29,0
7,2,2012-04-13,21820.58,0
7,2,2012-04-20,19691.0,0
7,2,2012-04-27,19383.49,0
7,2,2012-04-05,18090.14,0
7,2,2012-11-05,17646.92,0
7,2,2012-05-18,17224.58,0
7,2,2012-05-25,18476.98,0
7,2,2012-01-06,21052.4,0
7,2,2012-08-06,23100.36,0
7,2,2012-06-15,22933.55,0
7,2,2012-06-22,25731.28,0
7,2,2012-06-29,27413.14,0
7,2,2012-06-07,32411.8,0
7,2,2012-07-13,30608.55,0
7,2,2012-07-20,28825.44,0
7,2,2012-07-27,28056.8,0
7,2,2012-03-08,28311.08,0
7,2,2012-10-08,28005.57,0
7,2,2012-08-17,26397.07,0
7,2,2012-08-24,26299.42,0
7,2,2012-08-31,24104.54,0
7,2,2012-07-09,24313.17,1
7,2,2012-09-14,22041.66,0
7,2,2012-09-21,21744.92,0
7,2,2012-09-28,20934.45,0
7,2,2012-05-10,20842.49,0
7,2,2012-12-10,20987.0,0
7,2,2012-10-19,19802.51,0
7,2,2012-10-26,19764.51,0
8,1,2010-05-02,16181.89,0
8,1,2010-12-02,34262.09,1
8,1,2010-02-19,22319.25,0
8,1,2010-02-26,11722.71,0
8,1,2010-05-03,12979.74,0
8,1,2010-12-03,12305.83,0
8,1,2010-03-19,12520.3,0
8,1,2010-03-26,15764.25,0
8,1,2010-02-04,36979.1,0
8,1,2010-09-04,25305.29,0
8,1,2010-04-16,10141.01,0
8,1,2010-04-23,9827.3,0
8,1,2010-04-30,10534.42,0
8,1,2010-07-05,11278.69,0
8,1,2010-05-14,11729.98,0
8,1,2010-05-21,10456.4,0
8,1,2010-05-28,10495.15,0
8,1,2010-04-06,10766.46,0
8,1,2010-11-06,10558.63,0
8,1,2010-06-18,10715.71,0
8,1,2010-06-25,10746.19,0
8,1,2010-02-07,10927.63,0
8,1,2010-09-07,10967.49,0
8,1,2010-07-16,10173.72,0
8,1,2010-07-23,9393.99,0
8,1,2010-07-30,9313.0,0
8,1,2010-06-08,10360.57,0
8,1,2010-08-13,10403.84,0
8,1,2010-08-20,10176.83,0
8,1,2010-08-27,10129.49,0
8,1,2010-03-09,11306.06,0
8,1,2010-10-09,12137.21,1
8,1,2010-09-17,13635.27,0
8,1,2010-09-24,14030.65,0
8,1,2010-01-10,15638.14,0
8,1,2010-08-10,17640.45,0
8,1,2010-10-15,16571.42,0
8,1,2010-10-22,19215.64,0
8,1,2010-10-29,28961.61,0
8,1,2010-05-11,24364.54,0
8,1,2010-12-11,11546.43,0
8,1,2010-11-19,11884.44,0
8,1,2010-11-26,13377.52,1
8,1,2010-03-12,16681.52,0
8,1,2010-10-12,22042.42,0
8,1,2010-12-17,33730.01,0
8,1,2010-12-24,30074.69,0
8,1,2010-12-31,10178.58,1
8,1,2011-07-01,9166.83,0
8,1,2011-01-14,12198.0,0
8,1,2011-01-21,12329.28,0
8,1,2011-01-28,13052.34,0
8,1,2011-04-02,14479.01,0
8,1,2011-11-02,28054.5,1
8,1,2011-02-18,35184.13,0
8,1,2011-02-25,12309.14,0
8,1,2011-04-03,13304.63,0
8,1,2011-11-03,13454.88,0
8,1,2011-03-18,13328.59,0
8,1,2011-03-25,13420.29,0
8,1,2011-01-04,13644.98,0
8,1,2011-08-04,15975.88,0
8,1,2011-04-15,18562.34,0
8,1,2011-04-22,33591.13,0
8,1,2011-04-29,22609.44,0
8,1,2011-06-05,10413.11,0
8,1,2011-05-13,9817.83,0
8,1,2011-05-20,8579.96,0
8,1,2011-05-27,8140.29,0
8,1,2011-03-06,9182.01,0
8,1,2011-10-06,8570.93,0
8,1,2011-06-17,9379.33,0
8,1,2011-06-24,8113.01,0
8,1,2011-01-07,8662.95,0
8,1,2011-08-07,9205.01,0
8,1,2011-07-15,9548.47,0
8,1,2011-07-22,8291.27,0
8,1,2011-07-29,10101.26,0
8,1,2011-05-08,10291.26,0
8,1,2011-12-08,10151.85,0
8,1,2011-08-19,9979.73,0
8,1,2011-08-26,8420.16,0
8,1,2011-02-09,11143.04,0
8,1,2011-09-09,11169.68,1
8,1,2011-09-16,13652.36,0
8,1,2011-09-23,13417.47,0
8,1,2011-09-30,12892.58,0
8,1,2011-07-10,15397.28,0
8,1,2011-10-14,16662.77,0
8,1,2011-10-21,17678.66,0
8,1,2011-10-28,24531.27,0
8,1,2011-04-11,35991.04,0
8,1,2011-11-11,12746.15,0
8,1,2011-11-18,11044.58,0
8,1,2011-11-25,12495.33,1
8,1,2011-02-12,15608.91,0
8,1,2011-09-12,20676.25,0
8,1,2011-12-16,29046.88,0
8,1,2011-12-23,36655.67,0
8,1,2011-12-30,15959.86,1
8,1,2012-06-01,11001.87,0
8,1,2012-01-13,12172.49,0
8,1,2012-01-20,12652.39,0
8,1,2012-01-27,14072.27,0
8,1,2012-03-02,14684.61,0
8,1,2012-10-02,23263.71,1
8,1,2012-02-17,48385.22,0
8,1,2012-02-24,13457.69,0
8,1,2012-02-03,12947.8,0
8,1,2012-09-03,13196.45,0
8,1,2012-03-16,12939.55,0
8,1,2012-03-23,14457.19,0
8,1,2012-03-30,19095.28,0
8,1,2012-06-04,38908.35,0
8,1,2012-04-13,25470.87,0
8,1,2012-04-20,10421.16,0
8,1,2012-04-27,8981.2,0
8,1,2012-04-05,9787.9,0
8,1,2012-11-05,10161.72,0
8,1,2012-05-18,10317.75,0
8,1,2012-05-25,9194.11,0
8,1,2012-01-06,9660.86,0
8,1,2012-08-06,9717.93,0
8,1,2012-06-15,9904.63,0
8,1,2012-06-22,9886.14,0
8,1,2012-06-29,8356.4,0
8,1,2012-06-07,9963.01,0
8,1,2012-07-13,9839.93,0
8,1,2012-07-20,9377.05,0
8,1,2012-07-27,9322.04,0
8,1,2012-03-08,10102.3,0
8,1,2012-10-08,9819.17,0
8,1,2012-08-17,9799.49,0
8,1,2012-08-24,9375.9,0
8,1,2012-08-31,10230.28,0
8,1,2012-07-09,10871.03,1
8,1,2012-09-14,13483.37,0
8,1,2012-09-21,13441.0,0
8,1,2012-09-28,14572.76,0
8,1,2012-05-10,15266.85,0
8,1,2012-12-10,16301.28,0
8,1,2012-10-19,17609.23,0
8,1,2012-10-26,21737.93,0
8,2,2010-05-02,37550.1,0
8,2,2010-12-02,35205.4,1
8,2,2010-02-19,38435.19,0
8,2,2010-02-26,34999.91,0
8,2,2010-05-03,36528.11,0
8,2,2010-12-03,34124.83,0
8,2,2010-03-19,33168.59,0
8,2,2010-03-26,30648.23,0
8,2,2010-02-04,35386.62,0
8,2,2010-09-04,34878.07,0
8,2,2010-04-16,36458.6,0
8,2,2010-04-23,34032.52,0
8,2,2010-04-30,32301.84,0
8,2,2010-07-05,36577.56,0
8,2,2010-05-14,31377.14,0
8,2,2010-05-21,34003.86,0
8,2,2010-05-28,35140.3,0
8,2,2010-04-06,35683.4,0
8,2,2010-11-06,34969.18,0
8,2,2010-06-18,33446.65,0
8,2,2010-06-25,33880.16,0
8,2,2010-02-07,35607.77,0
8,2,2010-09-07,35227.75,0
8,2,2010-07-16,33623.23,0
8,2,2010-07-23,34730.86,0
8,2,2010-07-30,34382.5,0
8,2,2010-06-08,35911.15,0
8,2,2010-08-13,34064.96,0
8,2,2010-08-20,35596.99,0
8,2,2010-08-27,39492.61,0
8,2,2010-03-09,40071.6,0
8,2,2010-10-09,34884.91,1
8,2,2010-09-17,35196.44,0
8,2,2010-09-24,33235.25,0
8,2,2010-01-10,36658.83,0
8,2,2010-08-10,36121.79,0
8,2,2010-10-15,33837.56,0
8,2,2010-10-22,34027.76,0
8,2,2010-10-29,33511.91,0
8,2,2010-05-11,38698.46,0
8,2,2010-12-11,35558.27,0
8,2,2010-11-19,32592.37,0
8,2,2010-11-26,36066.65,1
8,2,2010-03-12,34772.27,0
8,2,2010-10-12,36989.59,0
8,2,2010-12-17,40156.05,0
8,2,2010-12-24,48568.76,0
8,2,2010-12-31,28738.63,1
8,2,2011-07-01,33741.27,0
8,2,2011-01-14,31925.8,0
8,2,2011-01-21,35377.13,0
8,2,2011-01-28,33701.01,0
8,2,2011-04-02,34967.27,0
8,2,2011-11-02,36968.42,1
8,2,2011-02-18,41847.74,0
8,2,2011-02-25,37896.87,0
8,2,2011-04-03,37623.37,0
8,2,2011-11-03,36263.26,0
8,2,2011-03-18,33590.82,0
8,2,2011-03-25,33112.3,0
8,2,2011-01-04,36589.13,0
8,2,2011-08-04,37280.83,0
8,2,2011-04-15,35269.83,0
8,2,2011-04-22,35811.33,0
8,2,2011-04-29,34756.14,0
8,2,2011-06-05,37603.7,0
8,2,2011-05-13,32947.86,0
8,2,2011-05-20,34956.08,0
8,2,2011-05-27,34057.22,0
8,2,2011-03-06,36601.08,0
8,2,2011-10-06,35293.99,0
8,2,2011-06-17,35512.57,0
8,2,2011-06-24,35052.46,0
8,2,2011-01-07,36742.91,0
8,2,2011-08-07,35525.88,0
8,2,2011-07-15,35064.4,0
8,2,2011-07-22,35634.01,0
8,2,2011-07-29,35281.84,0
8,2,2011-05-08,37443.6,0
8,2,2011-12-08,34936.8,0
8,2,2011-08-19,37168.07,0
8,2,2011-08-26,41523.65,0
8,2,2011-02-09,39416.41,0
8,2,2011-09-09,33288.48,1
8,2,2011-09-16,34474.03,0
8,2,2011-09-23,34311.32,0
8,2,2011-09-30,35139.71,0
8,2,2011-07-10,38811.24,0
8,2,2011-10-14,33994.39,0
8,2,2011-10-21,35278.16,0
8,2,2011-10-28,33327.05,0
8,2,2011-04-11,36130.2,0
8,2,2011-11-11,34240.1,0
8,2,2011-11-18,35177.25,0
8,2,2011-11-25,34323.78,1
8,2,2011-02-12,34548.64,0
8,2,2011-09-12,34310.08,0
8,2,2011-12-16,37331.56,0
8,2,2011-12-23,49718.81,0
8,2,2011-12-30,31176.72,1
8,2,2012-06-01,34100.02,0
8,2,2012-01-13,32736.25,0
8,2,2012-01-20,35703.05,0
8,2,2012-01-27,33124.12,0
8,2,2012-03-02,41174.51,0
8,2,2012-10-02,37135.3,1
8,2,2012-02-17,38102.24,0
8,2,2012-02-24,39618.31,0
8,2,2012-02-03,40746.37,0
8,2,2012-09-03,40240.17,0
8,2,2012-03-16,34979.29,0
8,2,2012-03-23,35804.26,0
8,2,2012-03-30,36356.37,0
8,2,2012-06-04,37164.74,0
8,2,2012-04-13,33311.76,0
8,2,2012-04-20,35324.43,0
8,2,2012-04-27,34933.17,0
8,2,2012-04-05,37648.77,0
8,2,2012-11-05,34293.52,0
8,2,2012-05-18,33456.06,0
8,2,2012-05-25,34379.53,0
8,2,2012-01-06,35503.37,0
8,2,2012-08-06,36018.14,0
8,2,2012-06-15,35424.74,0
8,2,2012-06-22,37087.62,0
8,2,2012-06-29,35206.36,0
8,2,2012-06-07,36293.15,0
8,2,2012-07-13,34039.04,0
8,2,2012-07-20,35326.51,0
8,2,2012-07-27,36350.6,0
8,2,2012-03-08,36081.75,0
8,2,2012-10-08,35681.62,0
8,2,2012-08-17,35121.69,0
8,2,2012-08-24,38465.2,0
8,2,2012-08-31,41453.37,0
8,2,2012-07-09,37473.45,1
8,2,2012-09-14,34904.23,0
8,2,2012-09-21,33114.51,0
8,2,2012-09-28,34557.28,0
8,2,2012-05-10,38065.51,0
8,2,2012-12-10,33725.95,0
8,2,2012-10-19,35910.29,0
8,2,2012-10-26,33040.14,0
9,1,2010-05-02,12861.4,0
9,1,2010-12-02,20273.94,1
9,1,2010-02-19,14819.97,0
9,1,2010-02-26,10530.98,0
9,1,2010-05-03,10438.47,0
9,1,2010-12-03,11004.74,0
9,1,2010-03-19,9813.87,0
9,1,2010-03-26,11402.28,0
9,1,2010-02-04,24205.64,0
9,1,2010-09-04,13421.94,0
9,1,2010-04-16,8926.1,0
9,1,2010-04-23,8462.08,0
9,1,2010-04-30,8723.98,0
9,1,2010-07-05,10088.57,0
9,1,2010-05-14,9527.04,0
9,1,2010-05-21,8969.28,0
9,1,2010-05-28,8674.07,0
9,1,2010-04-06,9505.8,0
9,1,2010-11-06,9236.26,0
9,1,2010-06-18,9540.72,0
9,1,2010-06-25,9159.5,0
9,1,2010-02-07,11305.36,0
9,1,2010-09-07,9840.3,0
9,1,2010-07-16,8575.61,0
9,1,2010-07-23,7983.42,0
9,1,2010-07-30,9398.18,0
9,1,2010-06-08,8888.16,0
9,1,2010-08-13,8233.72,0
9,1,2010-08-20,8233.82,0
9,1,2010-08-27,8911.63,0
9,1,2010-03-09,9420.75,0
9,1,2010-10-09,9883.89,1
9,1,2010-09-17,10705.6,0
9,1,2010-09-24,10713.65,0
9,1,2010-01-10,11978.42,0
9,1,2010-08-10,13152.32,0
9,1,2010-10-15,12164.67,0
9,1,2010-10-22,12955.32,0
9,1,2010-10-29,22080.96,0
9,1,2010-05-11,18538.13,0
9,1,2010-12-11,11328.27,0
9,1,2010-11-19,9203.2,0
9,1,2010-11-26,10780.6,1
9,1,2010-03-12,13042.06,0
9,1,2010-10-12,15836.25,0
9,1,2010-12-17,22137.23,0
9,1,2010-12-24,21230.47,0
9,1,2010-12-31,7820.01,1
9,1,2011-07-01,8365.16,0
9,1,2011-01-14,9049.76,0
9,1,2011-01-21,10042.29,0
9,1,2011-01-28,10534.25,0
9,1,2011-04-02,12386.14,0
9,1,2011-11-02,17609.54,1
9,1,2011-02-18,19262.71,0
9,1,2011-02-25,8805.35,0
9,1,2011-04-03,9177.05,0
9,1,2011-11-03,9588.53,0
9,1,2011-03-18,9387.59,0
9,1,2011-03-25,9909.43,0
9,1,2011-01-04,10393.72,0
9,1,2011-08-04,11515.04,0
9,1,2011-04-15,13693.33,0
9,1,2011-04-22,24940.66,0
9,1,2011-04-29,17649.37,0
9,1,2011-06-05,10231.78,0
9,1,2011-05-13,8721.04,0
9,1,2011-05-20,8497.04,0
9,1,2011-05-27,8687.9,0
9,1,2011-03-06,9240.67,0
9,1,2011-10-06,8963.92,0
9,1,2011-06-17,8638.83,0
9,1,2011-06-24,8651.38,0
9,1,2011-01-07,9817.12,0
9,1,2011-08-07,10512.14,0
9,1,2011-07-15,8752.42,0
9,1,2011-07-22,8517.46,0
9,1,2011-07-29,8411.83,0
9,1,2011-05-08,9174.31,0
9,1,2011-12-08,7789.72,0
9,1,2011-08-19,8778.39,0
9,1,2011-08-26,9292.32,0
9,1,2011-02-09,8735.99,0
9,1,2011-09-09,10245.86,1
9,1,2011-09-16,11039.94,0
9,1,2011-09-23,10428.39,0
9,1,2011-09-30,10856.02,0
9,1,2011-07-10,11670.67,0
9,1,2011-10-14,12539.39,0
9,1,2011-10-21,13183.58,0
9,1,2011-10-28,17950.88,0
9,1,2011-04-11,23967.18,0
9,1,2011-11-11,10794.7,0
9,1,2011-11-18,10466.01,0
9,1,2011-11-25,12319.18,1
9,1,2011-02-12,13268.53,0
9,1,2011-09-12,16352.35,0
9,1,2011-12-16,21614.53,0
9,1,2011-12-23,26975.98,0
9,1,2011-12-30,11010.41,1
9,1,2012-06-01,9076.54,0
9,1,2012-01-13,9902.8,0
9,1,2012-01-20,9231.2,0
9,1,2012-01-27,10654.88,0
9,1,2012-03-02,11937.48,0
9,1,2012-10-02,16209.23,1
9,1,2012-02-17,25676.28,0
9,1,2012-02-24,10386.62,0
9,1,2012-02-03,11109.17,0
9,1,2012-09-03,11204.72,0
9,1,2012-03-16,11093.07,0
9,1,2012-03-23,11993.86,0
9,1,2012-03-30,14286.63,0
9,1,2012-06-04,27993.33,0
9,1,2012-04-13,16226.29,0
9,1,2012-04-20,9234.22,0
9,1,2012-04-27,8752.32,0
9,1,2012-04-05,10307.2,0
9,1,2012-11-05,9725.4,0
9,1,2012-05-18,9448.43,0
9,1,2012-05-25,9693.75,0
9,1,2012-01-06,9445.35,0
9,1,2012-08-06,9289.55,0
9,1,2012-06-15,9378.72,0
9,1,2012-06-22,10214.84,0
9,1,2012-06-29,9820.63,0
9,1,2012-06-07,11052.17,0
9,1,2012-07-13,9191.85,0
9,1,2012-07-20,8527.7,0
9,1,2012-07-27,9244.08,0
9,1,2012-03-08,8765.82,0
9,1,2012-10-08,9219.2,0
9,1,2012-08-17,9193.85,0
9,1,2012-08-24,8994.15,0
9,1,2012-08-31,10365.44,0
9,1,2012-07-09,11647.62,1
9,1,2012-09-14,12128.7,0
9,1,2012-09-21,12392.13,0
9,1,2012-09-28,13772.7,0
9,1,2012-05-10,14787.3,0
9,1,2012-12-10,14626.09,0
9,1,2012-10-19,15325.8,0
9,1,2012-10-26,20194.31,0
9,2,2010-05-02,24917.84,0
9,2,2010-12-02,22488.29,1
9,2,2010-02-19,22173.92,0
9,2,2010-02-26,22311.77,0
9,2,2010-05-03,23609.13,0
9,2,2010-12-03,22443.05,0
9,2,2010-03-19,21846.4,0
9,2,2010-03-26,21750.09,0
9,2,2010-02-04,24100.26,0
9,2,2010-09-04,23219.4,0
9,2,2010-04-16,22309.52,0
9,2,2010-04-23,21708.35,0
9,2,2010-04-30,22966.29,0
9,2,2010-07-05,22917.81,0
9,2,2010-05-14,22857.79,0
9,2,2010-05-21,24052.9,0
9,2,2010-05-28,22985.61,0
9,2,2010-04-06,26015.13,0
9,2,2010-11-06,24273.77,0
9,2,2010-06-18,23526.82,0
9,2,2010-06-25,22440.65,0
9,2,2010-02-07,24105.24,0
9,2,2010-09-07,23866.4,0
9,2,2010-07-16,22415.59,0
9,2,2010-07-23,22861.29,0
9,2,2010-07-30,23179.24,0
9,2,2010-06-08,24592.47,0
9,2,2010-08-13,23611.08,0
9,2,2010-08-20,24368.09,0
9,2,2010-08-27,25967.79,0
9,2,2010-03-09,25325.33,0
9,2,2010-10-09,21674.07,1
9,2,2010-09-17,24255.72,0
9,2,2010-09-24,22339.75,0
9,2,2010-01-10,24455.27,0
9,2,2010-08-10,25499.67,0
9,2,2010-10-15,22020.7,0
9,2,2010-10-22,23201.19,0
9,2,2010-10-29,22782.4,0
9,2,2010-05-11,25073.55,0
9,2,2010-12-11,21781.53,0
9,2,2010-11-19,21034.26,0
9,2,2010-11-26,20904.98,1
9,2,2010-03-12,22811.12,0
9,2,2010-10-12,23518.64,0
9,2,2010-12-17,29369.0,0
9,2,2010-12-24,31330.49,0
9,2,2010-12-31,19739.33,1
9,2,2011-07-01,23474.96,0
9,2,2011-01-14,20970.09,0
9,2,2011-01-21,22585.63,0
9,2,2011-01-28,22077.4,0
9,2,2011-04-02,22472.32,0
9,2,2011-11-02,24927.16,1
9,2,2011-02-18,26748.66,0
9,2,2011-02-25,25224.1,0
9,2,2011-04-03,26869.5,0
9,2,2011-11-03,24888.34,0
9,2,2011-03-18,22967.8,0
9,2,2011-03-25,23993.84,0
9,2,2011-01-04,24217.87,0
9,2,2011-08-04,28951.96,0
9,2,2011-04-15,24077.32,0
9,2,2011-04-22,24328.46,0
9,2,2011-04-29,23119.02,0
9,2,2011-06-05,25982.98,0
9,2,2011-05-13,24733.36,0
9,2,2011-05-20,23861.78,0
9,2,2011-05-27,24921.08,0
9,2,2011-03-06,27252.62,0
9,2,2011-10-06,25906.82,0
9,2,2011-06-17,26369.13,0
9,2,2011-06-24,24719.64,0
9,2,2011-01-07,25196.53,0
9,2,2011-08-07,25400.92,0
9,2,2011-07-15,25641.4,0
9,2,2011-07-22,24923.47,0
9,2,2011-07-29,23230.67,0
9,2,2011-05-08,27560.78,0
9,2,2011-12-08,24967.66,0
9,2,2011-08-19,26494.18,0
9,2,2011-08-26,26762.48,0
9,2,2011-02-09,28801.57,0
9,2,2011-09-09,24148.55,1
9,2,2011-09-16,25309.64,0
9,2,2011-09-23,24246.91,0
9,2,2011-09-30,24709.94,0
9,2,2011-07-10,26052.9,0
9,2,2011-10-14,25058.51,0
9,2,2011-10-21,24311.07,0
9,2,2011-10-28,23126.9,0
9,2,2011-04-11,27487.7,0
9,2,2011-11-11,23785.97,0
9,2,2011-11-18,22992.04,0
9,2,2011-11-25,23196.78,1
9,2,2011-02-12,23407.43,0
9,2,2011-09-12,25302.33,0
9,2,2011-12-16,31258.59,0
9,2,2011-12-23,34028.54,0
9,2,2011-12-30,23048.39,1
9,2,2012-06-01,24875.66,0
9,2,2012-01-13,22518.88,0
9,2,2012-01-20,24812.34,0
9,2,2012-01-27,23987.57,0
9,2,2012-03-02,27556.27,0
9,2,2012-10-02,27491.43,1
9,2,2012-02-17,25799.08,0
9,2,2012-02-24,27962.7,0
9,2,2012-02-03,28646.72,0
9,2,2012-09-03,26736.78,0
9,2,2012-03-16,25812.28,0
9,2,2012-03-23,25756.55,0
9,2,2012-03-30,26825.26,0
9,2,2012-06-04,28702.77,0
9,2,2012-04-13,25538.18,0
9,2,2012-04-20,27195.93,0
9,2,2012-04-27,25516.19,0
9,2,2012-04-05,28104.08,0
9,2,2012-11-05,26203.6,0
9,2,2012-05-18,25159.33,0
9,2,2012-05-25,26875.49,0
9,2,2012-01-06,28086.88,0
9,2,2012-08-06,28023.86,0
9,2,2012-06-15,25598.96,0
9,2,2012-06-22,26926.71,0
9,2,2012-06-29,26151.82,0
9,2,2012-06-07,27050.57,0
9,2,2012-07-13,27620.29,0
9,2,2012-07-20,27022.37,0
9,2,2012-07-27,26324.71,0
9,2,2012-03-08,28049.65,0
9,2,2012-10-08,26937.07,0
9,2,2012-08-17,27396.38,0
9,2,2012-08-24,27376.08,0
9,2,2012-08-31,28333.22,0
9,2,2012-07-09,26530.28,1
9,2,2012-09-14,24971.56,0
9,2,2012-09-21,25030.06,0
9,2,2012-09-28,25489.13,0
9,2,2012-05-10,27504.15,0
9,2,2012-12-10,23249.88,0
9,2,2012-10-19,26931.98,0
9,2,2012-10-26,24859.9,0
10,1,2010-05-02,40212.84,0
10,1,2010-12-02,67699.32,1
10,1,2010-02-19,49748.33,0
10,1,2010-02-26,33601.22,0
10,1,2010-05-03,36572.44,0
10,1,2010-12-03,36380.7,0
10,1,2010-03-19,38252.33,0
10,1,2010-03-26,51956.73,0
10,1,2010-02-04,131853.01,0
10,1,2010-09-04,89207.79,0
10,1,2010-04-16,29765.85,0
10,1,2010-04-23,27082.12,0
10,1,2010-04-30,27592.84,0
10,1,2010-07-05,29819.93,0
10,1,2010-05-14,30021.02,0
10,1,2010-05-21,30251.76,0
10,1,2010-05-28,29958.02,0
10,1,2010-04-06,27739.8,0
10,1,2010-11-06,26155.91,0
10,1,2010-06-18,27568.75,0
10,1,2010-06-25,26819.82,0
10,1,2010-02-07,27233.92,0
10,1,2010-09-07,25908.55,0
10,1,2010-07-16,26148.43,0
10,1,2010-07-23,25789.81,0
10,1,2010-07-30,27036.47,0
10,1,2010-06-08,26778.1,0
10,1,2010-08-13,27555.3,0
10,1,2010-08-20,27899.34,0
10,1,2010-08-27,26362.04,0
10,1,2010-03-09,29253.15,0
10,1,2010-10-09,27246.52,1
10,1,2010-09-17,31421.17,0
10,1,2010-09-24,32100.28,0
10,1,2010-01-10,34152.79,0
10,1,2010-08-10,38820.32,0
10,1,2010-10-15,44736.63,0
10,1,2010-10-22,55322.47,0
10,1,2010-10-29,83211.42,0
10,1,2010-05-11,68006.65,0
10,1,2010-12-11,32133.29,0
10,1,2010-11-19,36220.99,0
10,1,2010-11-26,35454.02,1
10,1,2010-03-12,50943.18,0
10,1,2010-10-12,73516.27,0
10,1,2010-12-17,98617.12,0
10,1,2010-12-24,140537.2,0
10,1,2010-12-31,32728.35,1
10,1,2011-07-01,26041.71,0
10,1,2011-01-14,27859.44,0
10,1,2011-01-21,30911.87,0
10,1,2011-01-28,29890.73,0
10,1,2011-04-02,36145.83,0
10,1,2011-11-02,52118.42,1
10,1,2011-02-18,64020.62,0
10,1,2011-02-25,27273.94,0
10,1,2011-04-03,30345.61,0
10,1,2011-11-03,29924.64,0
10,1,2011-03-18,30524.73,0
10,1,2011-03-25,31323.47,0
10,1,2011-01-04,31697.55,0
10,1,2011-08-04,39469.63,0
10,1,2011-04-15,51526.31,0
10,1,2011-04-22,113431.75,0
10,1,2011-04-29,89938.67,0
10,1,2011-06-05,31605.35,0
10,1,2011-05-13,27691.58,0
10,1,2011-05-20,24977.85,0
10,1,2011-05-27,23808.95,0
10,1,2011-03-06,23772.81,0
10,1,2011-10-06,23970.48,0
10,1,2011-06-17,23444.71,0
10,1,2011-06-24,23671.59,0
10,1,2011-01-07,23895.49,0
10,1,2011-08-07,24650.46,0
10,1,2011-07-15,26330.68,0
10,1,2011-07-22,25959.06,0
10,1,2011-07-29,25612.31,0
10,1,2011-05-08,26630.53,0
10,1,2011-12-08,26147.1,0
10,1,2011-08-19,25418.25,0
10,1,2011-08-26,23953.35,0
10,1,2011-02-09,26033.09,0
10,1,2011-09-09,28204.22,1
10,1,2011-09-16,32377.19,0
10,1,2011-09-23,32582.31,0
10,1,2011-09-30,31654.83,0
10,1,2011-07-10,37294.04,0
10,1,2011-10-14,39680.9,0
10,1,2011-10-21,47792.75,0
10,1,2011-10-28,68491.28,0
10,1,2011-04-11,82167.41,0
10,1,2011-11-11,32252.94,0
10,1,2011-11-18,30274.57,0
10,1,2011-11-25,37228.54,1
10,1,2011-02-12,48269.3,0
10,1,2011-09-12,72970.2,0
10,1,2011-12-16,100775.8,0
10,1,2011-12-23,134217.74,0
10,1,2011-12-30,52228.86,1
10,1,2012-06-01,28520.49,0
10,1,2012-01-13,30107.31,0
10,1,2012-01-20,31180.23,0
10,1,2012-01-27,32559.13,0
10,1,2012-03-02,36444.0,0
10,1,2012-10-02,50434.11,1
10,1,2012-02-17,74930.33,0
10,1,2012-02-24,28751.57,0
10,1,2012-02-03,30525.88,0
10,1,2012-09-03,33728.46,0
10,1,2012-03-16,34745.1,0
10,1,2012-03-23,38656.88,0
10,1,2012-03-30,46922.97,0
10,1,2012-06-04,120131.35,0
10,1,2012-04-13,89291.51,0
10,1,2012-04-20,26759.76,0
10,1,2012-04-27,25524.15,0
10,1,2012-04-05,25874.89,0
10,1,2012-11-05,27611.94,0
10,1,2012-05-18,26524.64,0
10,1,2012-05-25,26421.66,0
10,1,2012-01-06,24734.89,0
10,1,2012-08-06,24653.33,0
10,1,2012-06-15,24374.99,0
10,1,2012-06-22,24418.14,0
10,1,2012-06-29,25021.24,0
10,1,2012-06-07,25167.13,0
10,1,2012-07-13,26000.97,0
10,1,2012-07-20,27065.94,0
10,1,2012-07-27,26303.34,0
10,1,2012-03-08,26390.26,0
10,1,2012-10-08,26320.29,0
10,1,2012-08-17,26752.4,0
10,1,2012-08-24,26804.84,0
10,1,2012-08-31,26083.28,0
10,1,2012-07-09,29426.33,1
10,1,2012-09-14,30321.06,0
10,1,2012-09-21,30872.22,0
10,1,2012-09-28,31477.5,0
10,1,2012-05-10,36323.95,0
10,1,2012-12-10,40626.47,0
10,1,2012-10-19,44224.36,0
10,1,2012-10-26,58409.83,0
10,2,2010-05-02,123952.48,0
10,2,2010-12-02,119209.48,1
10,2,2010-02-19,121430.8,0
10,2,2010-02-26,120292.15,0
10,2,2010-05-03,113163.91,0
10,2,2010-12-03,116637.87,0
10,2,2010-03-19,112732.09,0
10,2,2010-03-26,110240.07,0
10,2,2010-02-04,118392.02,0
10,2,2010-09-04,115461.31,0
10,2,2010-04-16,111207.71,0
10,2,2010-04-23,111749.11,0
10,2,2010-04-30,108130.12,0
10,2,2010-07-05,112995.06,0
10,2,2010-05-14,108114.87,0
10,2,2010-05-21,114437.04,0
10,2,2010-05-28,111234.67,0
10,2,2010-04-06,112630.91,0
10,2,2010-11-06,112481.79,0
10,2,2010-06-18,112540.37,0
10,2,2010-06-25,108485.17,0
10,2,2010-02-07,115484.56,0
10,2,2010-09-07,112082.34,0
10,2,2010-07-16,117063.04,0
10,2,2010-07-23,117187.48,0
10,2,2010-07-30,112992.94,0
10,2,2010-06-08,123356.64,0
10,2,2010-08-13,124582.42,0
10,2,2010-08-20,128218.22,0
10,2,2010-08-27,113329.6,0
10,2,2010-03-09,110254.06,0
10,2,2010-10-09,107815.11,1
10,2,2010-09-17,109088.52,0
10,2,2010-09-24,107047.25,0
10,2,2010-01-10,104127.28,0
10,2,2010-08-10,109025.71,0
10,2,2010-10-15,106562.54,0
10,2,2010-10-22,107284.57,0
10,2,2010-10-29,103436.47,0
10,2,2010-05-11,109861.57,0
10,2,2010-12-11,107551.26,0
10,2,2010-11-19,106610.62,0
10,2,2010-11-26,99460.37,1
10,2,2010-03-12,106702.7,0
10,2,2010-10-12,112659.72,0
10,2,2010-12-17,119296.39,0
10,2,2010-12-24,144104.46,0
10,2,2010-12-31,88211.64,1
10,2,2011-07-01,104581.13,0
10,2,2011-01-14,107042.54,0
10,2,2011-01-21,104415.9,0
10,2,2011-01-28,103200.6,0
10,2,2011-04-02,113720.83,0
10,2,2011-11-02,119715.02,1
10,2,2011-02-18,118892.18,0
10,2,2011-02-25,111673.55,0
10,2,2011-04-03,114097.02,0
10,2,2011-11-03,111658.47,0
10,2,2011-03-18,109251.87,0
10,2,2011-03-25,109417.2,0
10,2,2011-01-04,111195.24,0
10,2,2011-08-04,113611.2,0
10,2,2011-04-15,107360.49,0
10,2,2011-04-22,113300.27,0
10,2,2011-04-29,109687.51,0
10,2,2011-06-05,113071.51,0
10,2,2011-05-13,104586.8,0
10,2,2011-05-20,103643.01,0
10,2,2011-05-27,104625.35,0
10,2,2011-03-06,113179.62,0
10,2,2011-10-06,110607.72,0
10,2,2011-06-17,111144.59,0
10,2,2011-06-24,106159.42,0
10,2,2011-01-07,110167.18,0
10,2,2011-08-07,105317.31,0
10,2,2011-07-15,110918.73,0
10,2,2011-07-22,112528.57,0
10,2,2011-07-29,110240.21,0
10,2,2011-05-08,115116.44,0
10,2,2011-12-08,116330.25,0
10,2,2011-08-19,119858.79,0
10,2,2011-08-26,106724.02,0
10,2,2011-02-09,108981.34,0
10,2,2011-09-09,106874.02,1
10,2,2011-09-16,104742.41,0
10,2,2011-09-23,104948.33,0
10,2,2011-09-30,102264.22,0
10,2,2011-07-10,111280.17,0
10,2,2011-10-14,99815.15,0
10,2,2011-10-21,103050.1,0
10,2,2011-10-28,102097.86,0
10,2,2011-04-11,108655.66,0
10,2,2011-11-11,106841.49,0
10,2,2011-11-18,98341.91,0
10,2,2011-11-25,97213.06,1
10,2,2011-02-12,99976.34,0
10,2,2011-09-12,108381.44,0
10,2,2011-12-16,118020.38,0
10,2,2011-12-23,151090.5,0
10,2,2011-12-30,92906.57,1
10,2,2012-06-01,102234.0,0
10,2,2012-01-13,110831.02,0
10,2,2012-01-20,101979.43,0
10,2,2012-01-27,94674.32,0
10,2,2012-03-02,109394.82,0
10,2,2012-10-02,119784.16,1
10,2,2012-02-17,113928.68,0
10,2,2012-02-24,118898.38,0
10,2,2012-02-03,111733.43,0
10,2,2012-09-03,113949.26,0
10,2,2012-03-16,109687.74,0
10,2,2012-03-23,108432.35,0
10,2,2012-03-30,104428.38,0
10,2,2012-06-04,120896.84,0
10,2,2012-04-13,109282.13,0
10,2,2012-04-20,106444.89,0
10,2,2012-04-27,100435.09,0
10,2,2012-04-05,109105.81,0
10,2,2012-11-05,100546.67,0
10,2,2012-05-18,102494.01,0
10,2,2012-05-25,108660.46,0
10,2,2012-01-06,103012.31,0
10,2,2012-08-06,109543.37,0
10,2,2012-06-15,108530.26,0
10,2,2012-06-22,102144.47,0
10,2,2012-06-29,105107.69,0
10,2,2012-06-07,109596.98,0
10,2,2012-07-13,107945.92,0
10,2,2012-07-20,106771.51,0
10,2,2012-07-27,104651.11,0
10,2,2012-03-08,113930.5,0
10,2,2012-10-08,112523.39,0
10,2,2012-08-17,113259.2,0
10,2,2012-08-24,106630.07,0
10,2,2012-08-31,95671.5,0
10,2,2012-07-09,106094.76,1
10,2,2012-09-14,99757.84,0
10,2,2012-09-21,105282.5,0
10,2,2012-09-28,101696.68,0
10,2,2012-05-10,105938.79,0
10,2,2012-12-10,99426.46,0
10,2,2012-10-19,102492.76,0
10,2,2012-10-26,101458.77,0
